file;sa;timeSA;ls;timeLS
04_npp_25.in;2504;0.033;2504;0
04_npp_25.in;1064;0.032;1064;0
04_npp_25.in;5268;0.032;5268;0
04_npp_25.in;3762;0.032;3762;0
04_npp_25.in;1824;0.032;1824;0
04_npp_25.in;600;0.032;600;0
04_npp_25.in;664;0.032;664;0
04_npp_25.in;5640;0.032;5640;0
04_npp_25.in;2580;0.032;2580;0
04_npp_25.in;1264;0.032;1264;0
04_npp_25.in;716;0.032;716;0
04_npp_25.in;98;0.032;98;0
04_npp_25.in;2044;0.032;2044;0
04_npp_25.in;4160;0.032;4160;0
04_npp_25.in;1546;0.031;1546;0
04_npp_25.in;3014;0.031;3014;0
04_npp_25.in;5334;0.031;5334;0
04_npp_25.in;3344;0.031;3344;0
04_npp_25.in;1100;0.031;1100;0
04_npp_25.in;9682;0.031;9682;0
04_npp_25.in;1482;0.031;1482;0
04_npp_25.in;1306;0.031;1306;0
04_npp_25.in;2166;0.031;2166;0
04_npp_25.in;624;0.031;624;0
04_npp_25.in;2104;0.031;2104;0
04_npp_25.in;678;0.031;678;0
04_npp_25.in;2564;0.031;2564;0
04_npp_25.in;2500;0.031;2500;0
04_npp_25.in;4152;0.031;4152;0
04_npp_25.in;5650;0.031;5650;0
34_npp_5000.in;4;2.074;4;0.102
34_npp_5000.in;2;2.047;2;0.104
34_npp_5000.in;4;1.966;4;0.102
34_npp_5000.in;28;1.993;28;0.101
34_npp_5000.in;0;1.981;0;0.204
34_npp_5000.in;0;2.001;0;0.103
34_npp_5000.in;8;2.014;8;0.104
34_npp_5000.in;6;1.961;6;0.205
34_npp_5000.in;4;2.051;4;0.105
34_npp_5000.in;0;2.129;0;0.105
34_npp_5000.in;6;2.113;6;0.105
34_npp_5000.in;4;2.071;4;0.105
34_npp_5000.in;4;2.027;4;0.102
34_npp_5000.in;2;2.062;2;0.104
34_npp_5000.in;26;1.996;26;0.105
34_npp_5000.in;8;1.987;8;0.101
34_npp_5000.in;2;2.001;2;0.103
34_npp_5000.in;8;2.01;8;0.106
34_npp_5000.in;62;2.036;62;0.101
34_npp_5000.in;4;1.974;4;0.103
34_npp_5000.in;4;1.974;4;0.199
34_npp_5000.in;10;1.987;10;0.101
34_npp_5000.in;10;1.987;10;0.103
34_npp_5000.in;2;2.009;2;0.104
34_npp_5000.in;2;2.04;2;0.222
34_npp_5000.in;20;1.939;20;0.1
34_npp_5000.in;16;1.924;16;0.194
34_npp_5000.in;6;1.984;6;0.102
34_npp_5000.in;0;1.992;0;0.103
34_npp_5000.in;2;2.002;2;0.102
12_npp_250.in;59;0.071;59;0
12_npp_250.in;33;0.07;33;0
12_npp_250.in;83;0.07;83;0
12_npp_250.in;55;0.07;55;0
12_npp_250.in;135;0.07;135;0
12_npp_250.in;211;0.069;211;0
12_npp_250.in;557;0.071;557;0
12_npp_250.in;133;0.07;133;0
12_npp_250.in;149;0.069;149;0
12_npp_250.in;133;0.07;133;0
12_npp_250.in;171;0.073;171;0
12_npp_250.in;9;0.069;9;0
12_npp_250.in;29;0.069;29;0
12_npp_250.in;3;0.071;3;0
12_npp_250.in;15;0.07;15;0
12_npp_250.in;71;0.07;71;0
12_npp_250.in;447;0.07;447;0
12_npp_250.in;113;0.07;113;0
12_npp_250.in;7;0.07;7;0
12_npp_250.in;33;0.071;33;0
12_npp_250.in;47;0.071;47;0
12_npp_250.in;13;0.069;13;0
12_npp_250.in;3;0.07;3;0
12_npp_250.in;21;0.07;21;0
12_npp_250.in;11;0.071;11;0
12_npp_250.in;47;0.069;47;0
12_npp_250.in;109;0.07;109;0
12_npp_250.in;123;0.071;123;0
12_npp_250.in;111;0.07;111;0
12_npp_250.in;143;0.07;143;0
31_npp_2000.in;25;0.325;25;0.007
31_npp_2000.in;11;0.329;11;0.007
31_npp_2000.in;19;0.327;19;0.007
31_npp_2000.in;23;0.336;23;0.007
31_npp_2000.in;3;0.331;3;0.007
31_npp_2000.in;15;0.332;15;0.007
31_npp_2000.in;5;0.331;5;0.007
31_npp_2000.in;9;0.337;9;0.007
31_npp_2000.in;25;0.33;25;0.007
31_npp_2000.in;7;0.331;7;0.007
31_npp_2000.in;3;0.33;3;0.007
31_npp_2000.in;7;0.324;7;0.007
31_npp_2000.in;3;0.327;3;0.007
31_npp_2000.in;15;0.327;15;0.007
31_npp_2000.in;7;0.342;7;0.007
31_npp_2000.in;23;0.33;23;0.006
31_npp_2000.in;13;0.328;13;0.007
31_npp_2000.in;1;0.327;1;0.007
31_npp_2000.in;1;0.331;1;0.007
31_npp_2000.in;17;0.335;17;0.007
31_npp_2000.in;13;0.332;13;0.007
31_npp_2000.in;3;0.327;3;0.007
31_npp_2000.in;3;0.326;3;0.013
31_npp_2000.in;9;0.328;9;0.007
31_npp_2000.in;11;0.329;11;0.007
31_npp_2000.in;11;0.33;11;0.007
31_npp_2000.in;3;0.327;3;0.007
31_npp_2000.in;25;0.336;25;0.007
31_npp_2000.in;19;0.33;19;0.007
31_npp_2000.in;19;0.324;19;0.007
01_npp_10.in;13932;0.023;13932;0
01_npp_10.in;5114;0.023;5114;0
01_npp_10.in;5114;0.023;5114;0
01_npp_10.in;36004;0.023;36004;0
01_npp_10.in;2280;0.023;2280;0
01_npp_10.in;852;0.025;852;0
01_npp_10.in;8956;0.024;8956;0
01_npp_10.in;56080;0.023;56080;0
01_npp_10.in;10722;0.023;10722;0
01_npp_10.in;4644;0.023;4644;0
01_npp_10.in;5114;0.023;5114;0
01_npp_10.in;4644;0.023;4644;0
01_npp_10.in;8218;0.023;8218;0
01_npp_10.in;10722;0.023;10722;0
01_npp_10.in;5406;0.023;5406;0
01_npp_10.in;10722;0.023;10722;0
01_npp_10.in;2280;0.023;2280;0
01_npp_10.in;852;0.024;852;0
01_npp_10.in;1590;0.024;1590;0
01_npp_10.in;55342;0.023;55342;0
01_npp_10.in;13932;0.023;13932;0
01_npp_10.in;9984;0.023;9984;0
01_npp_10.in;11192;0.023;11192;0
01_npp_10.in;5406;0.023;5406;0
01_npp_10.in;3646;0.023;3646;0
01_npp_10.in;9984;0.023;9984;0
01_npp_10.in;10462;0.024;10462;0
01_npp_10.in;56080;0.023;56080;0
01_npp_10.in;13932;0.024;13932;0
01_npp_10.in;3646;0.024;3646;0
29_npp_1500.in;23;0.254;23;0.003
29_npp_1500.in;9;0.254;9;0.003
29_npp_1500.in;3;0.258;3;0.007
29_npp_1500.in;35;0.253;35;0.003
29_npp_1500.in;3;0.254;3;0.003
29_npp_1500.in;5;0.252;5;0.003
29_npp_1500.in;5;0.259;5;0.003
29_npp_1500.in;5;0.252;5;0.003
29_npp_1500.in;11;0.254;11;0.004
29_npp_1500.in;3;0.255;3;0.007
29_npp_1500.in;15;0.253;15;0.003
29_npp_1500.in;7;0.25;7;0.003
29_npp_1500.in;19;0.251;19;0.003
29_npp_1500.in;1;0.256;1;0.003
29_npp_1500.in;19;0.253;19;0.004
29_npp_1500.in;15;0.251;15;0.007
29_npp_1500.in;35;0.253;35;0.003
29_npp_1500.in;21;0.251;21;0.003
29_npp_1500.in;3;0.254;3;0.007
29_npp_1500.in;7;0.27;7;0.003
29_npp_1500.in;11;0.26;11;0.003
29_npp_1500.in;33;0.259;33;0.004
29_npp_1500.in;5;0.26;5;0.003
29_npp_1500.in;1;0.255;1;0.004
29_npp_1500.in;47;0.279;47;0.025
29_npp_1500.in;51;0.291;51;0.003
29_npp_1500.in;11;0.265;11;0.007
29_npp_1500.in;7;0.249;7;0.003
29_npp_1500.in;3;0.256;3;0.004
29_npp_1500.in;19;0.254;19;0.004
38_npp_10000.in;3;4.648;3;0.484
38_npp_10000.in;1;4.599;1;0.482
38_npp_10000.in;1;4.621;1;0.48
38_npp_10000.in;3;4.617;3;0.956
38_npp_10000.in;9;4.637;9;0.483
38_npp_10000.in;3;4.635;3;0.477
38_npp_10000.in;7;4.628;7;0.476
38_npp_10000.in;3;4.55;3;0.471
38_npp_10000.in;1;4.57;1;0.479
38_npp_10000.in;1;4.572;1;0.475
38_npp_10000.in;1;4.646;1;0.483
38_npp_10000.in;9;4.637;9;0.945
38_npp_10000.in;21;4.529;21;0.474
38_npp_10000.in;11;4.68;11;0.487
38_npp_10000.in;1;4.615;1;0.478
38_npp_10000.in;11;4.641;11;0.485
38_npp_10000.in;7;4.652;7;0.482
38_npp_10000.in;3;4.7;3;0.484
38_npp_10000.in;1;4.621;1;0.481
38_npp_10000.in;3;4.631;3;0.484
38_npp_10000.in;1;4.637;1;0.484
38_npp_10000.in;7;4.571;7;0.478
38_npp_10000.in;1;4.58;1;0.478
38_npp_10000.in;13;4.622;13;0.474
38_npp_10000.in;1;4.604;1;0.479
38_npp_10000.in;1;4.578;1;0.477
38_npp_10000.in;9;4.581;9;0.943
38_npp_10000.in;3;4.592;3;0.483
38_npp_10000.in;3;4.599;3;0.484
38_npp_10000.in;5;4.664;5;0.478
05_npp_25.in;23439;0.029;23439;0
05_npp_25.in;10989;0.028;10989;0
05_npp_25.in;567;0.028;567;0
05_npp_25.in;6935;0.028;6935;0
05_npp_25.in;1403;0.028;1403;0
05_npp_25.in;243;0.028;243;0
05_npp_25.in;1341;0.028;1341;0
05_npp_25.in;705;0.028;705;0
05_npp_25.in;1543;0.028;1543;0
05_npp_25.in;8875;0.028;8875;0
05_npp_25.in;441;0.028;441;0
05_npp_25.in;3419;0.031;3419;0
05_npp_25.in;1529;0.028;1529;0
05_npp_25.in;8387;0.028;8387;0
05_npp_25.in;1219;0.028;1219;0
05_npp_25.in;3507;0.028;3507;0
05_npp_25.in;12993;0.028;12993;0
05_npp_25.in;1137;0.028;1137;0
05_npp_25.in;451;0.028;451;0
05_npp_25.in;3;0.028;3;0
05_npp_25.in;16313;0.028;16313;0
05_npp_25.in;6277;0.028;6277;0
05_npp_25.in;1857;0.028;1857;0
05_npp_25.in;1021;0.028;1021;0
05_npp_25.in;309;0.028;309;0
05_npp_25.in;1237;0.028;1237;0
05_npp_25.in;303;0.028;303;0
05_npp_25.in;333;0.028;333;0
05_npp_25.in;19457;0.028;19457;0
05_npp_25.in;5099;0.028;5099;0
11_npp_100.in;140;0.041;140;0
11_npp_100.in;1026;0.041;1026;0
11_npp_100.in;384;0.041;384;0
11_npp_100.in;532;0.041;532;0
11_npp_100.in;446;0.042;446;0
11_npp_100.in;536;0.042;536;0
11_npp_100.in;14;0.041;14;0
11_npp_100.in;40;0.042;40;0
11_npp_100.in;272;0.041;272;0
11_npp_100.in;916;0.041;916;0
11_npp_100.in;28;0.044;28;0
11_npp_100.in;262;0.043;262;0
11_npp_100.in;506;0.042;506;0
11_npp_100.in;372;0.041;372;0
11_npp_100.in;290;0.042;290;0
11_npp_100.in;46;0.041;46;0
11_npp_100.in;4;0.042;4;0
11_npp_100.in;302;0.042;302;0
11_npp_100.in;568;0.041;568;0
11_npp_100.in;800;0.041;800;0
11_npp_100.in;50;0.041;50;0
11_npp_100.in;988;0.042;988;0
11_npp_100.in;468;0.041;468;0
11_npp_100.in;10;0.041;10;0
11_npp_100.in;866;0.041;866;0
11_npp_100.in;34;0.041;34;0
11_npp_100.in;700;0.042;700;0
11_npp_100.in;628;0.041;628;0
11_npp_100.in;396;0.042;396;0
11_npp_100.in;60;0.041;60;0
20_npp_1000.in;29;0.183;29;0.001
20_npp_1000.in;9;0.184;9;0.001
20_npp_1000.in;13;0.18;13;0.001
20_npp_1000.in;9;0.181;9;0.001
20_npp_1000.in;11;0.182;11;0.001
20_npp_1000.in;15;0.182;15;0.001
20_npp_1000.in;1;0.186;1;0.001
20_npp_1000.in;1;0.182;1;0.002
20_npp_1000.in;17;0.18;17;0.002
20_npp_1000.in;3;0.181;3;0.001
20_npp_1000.in;33;0.182;33;0.002
20_npp_1000.in;59;0.184;59;0.001
20_npp_1000.in;19;0.182;19;0.001
20_npp_1000.in;43;0.181;43;0.001
20_npp_1000.in;3;0.182;3;0.001
20_npp_1000.in;9;0.181;9;0.002
20_npp_1000.in;23;0.18;23;0.001
20_npp_1000.in;3;0.183;3;0.001
20_npp_1000.in;43;0.181;43;0.001
20_npp_1000.in;37;0.181;37;0.001
20_npp_1000.in;5;0.181;5;0.001
20_npp_1000.in;49;0.18;49;0.001
20_npp_1000.in;9;0.184;9;0.001
20_npp_1000.in;1;0.181;1;0.001
20_npp_1000.in;21;0.18;21;0.001
20_npp_1000.in;5;0.181;5;0.001
20_npp_1000.in;1;0.181;1;0.001
20_npp_1000.in;37;0.181;37;0.001
20_npp_1000.in;1;0.184;1;0.001
20_npp_1000.in;5;0.18;5;0.001
35_npp_5000.in;9;1.985;9;0.101
35_npp_5000.in;3;1.948;3;0.1
35_npp_5000.in;3;1.946;3;0.102
35_npp_5000.in;1;1.959;1;0.102
35_npp_5000.in;5;1.984;5;0.103
35_npp_5000.in;31;2.032;31;0.105
35_npp_5000.in;7;1.94;7;0.101
35_npp_5000.in;7;1.935;7;0.099
35_npp_5000.in;1;1.974;1;0.112
35_npp_5000.in;1;2.05;1;0.106
35_npp_5000.in;9;1.942;9;0.101
35_npp_5000.in;5;1.973;5;0.102
35_npp_5000.in;3;1.944;3;0.102
35_npp_5000.in;3;1.946;3;0.101
35_npp_5000.in;7;1.979;7;0.102
35_npp_5000.in;3;1.99;3;0.103
35_npp_5000.in;5;1.991;5;0.103
35_npp_5000.in;7;1.996;7;0.103
35_npp_5000.in;7;2.021;7;0.104
35_npp_5000.in;3;2.006;3;0.104
35_npp_5000.in;13;1.958;13;0.106
35_npp_5000.in;1;2;1;0.104
35_npp_5000.in;7;1.985;7;0.103
35_npp_5000.in;5;2.028;5;0.101
35_npp_5000.in;3;2.055;3;0.118
35_npp_5000.in;11;2.015;11;0.104
35_npp_5000.in;5;1.983;5;0.102
35_npp_5000.in;3;1.983;3;0.103
35_npp_5000.in;5;1.988;5;0.104
35_npp_5000.in;7;2.043;7;0.105
17_npp_500.in;172;0.122;172;0
17_npp_500.in;140;0.105;140;0
17_npp_500.in;122;0.106;122;0
17_npp_500.in;116;0.105;116;0
17_npp_500.in;48;0.104;48;0
17_npp_500.in;188;0.105;188;0
17_npp_500.in;284;0.105;284;0
17_npp_500.in;24;0.109;24;0
17_npp_500.in;42;0.109;42;0
17_npp_500.in;140;0.105;140;0
17_npp_500.in;62;0.105;62;0
17_npp_500.in;494;0.105;494;0
17_npp_500.in;18;0.105;18;0
17_npp_500.in;202;0.105;202;0
17_npp_500.in;18;0.105;18;0
17_npp_500.in;170;0.105;170;0
17_npp_500.in;192;0.109;192;0
17_npp_500.in;212;0.11;212;0
17_npp_500.in;112;0.106;112;0
17_npp_500.in;46;0.105;46;0
17_npp_500.in;316;0.104;316;0
17_npp_500.in;56;0.105;56;0
17_npp_500.in;118;0.107;118;0
17_npp_500.in;192;0.105;192;0
17_npp_500.in;118;0.105;118;0
17_npp_500.in;330;0.106;330;0
17_npp_500.in;222;0.108;222;0
17_npp_500.in;146;0.108;146;0
17_npp_500.in;336;0.105;336;0
17_npp_500.in;398;0.105;398;0
07_npp_50.in;3561;0.045;3561;0
07_npp_50.in;3701;0.038;3701;0
07_npp_50.in;37;0.038;37;0
07_npp_50.in;2833;0.037;2833;0
07_npp_50.in;3293;0.037;3293;0
07_npp_50.in;2053;0.038;2053;0
07_npp_50.in;855;0.037;855;0
07_npp_50.in;2819;0.037;2819;0
07_npp_50.in;283;0.037;283;0
07_npp_50.in;1717;0.037;1717;0
07_npp_50.in;3099;0.037;3099;0
07_npp_50.in;3727;0.037;3727;0
07_npp_50.in;3503;0.037;3503;0
07_npp_50.in;613;0.037;613;0
07_npp_50.in;1137;0.037;1137;0
07_npp_50.in;3889;0.038;3889;0
07_npp_50.in;5069;0.037;5069;0
07_npp_50.in;83;0.037;83;0
07_npp_50.in;4693;0.038;4693;0
07_npp_50.in;3895;0.038;3895;0
07_npp_50.in;3633;0.037;3633;0
07_npp_50.in;2553;0.037;2553;0
07_npp_50.in;331;0.037;331;0
07_npp_50.in;2507;0.037;2507;0
07_npp_50.in;789;0.038;789;0
07_npp_50.in;3609;0.037;3609;0
07_npp_50.in;2131;0.037;2131;0
07_npp_50.in;1823;0.037;1823;0
07_npp_50.in;3437;0.037;3437;0
07_npp_50.in;1545;0.037;1545;0
37_npp_10000.in;13;4.619;13;0.481
37_npp_10000.in;7;4.531;7;0.472
37_npp_10000.in;3;4.632;3;0.475
37_npp_10000.in;7;4.607;7;0.478
37_npp_10000.in;13;4.623;13;0.481
37_npp_10000.in;15;4.621;15;0.48
37_npp_10000.in;9;4.585;9;0.479
37_npp_10000.in;47;4.577;47;0.479
37_npp_10000.in;17;4.649;17;0.481
37_npp_10000.in;13;4.593;13;0.479
37_npp_10000.in;5;4.557;5;0.476
37_npp_10000.in;1;4.564;1;0.474
37_npp_10000.in;3;4.576;3;0.476
37_npp_10000.in;3;4.612;3;0.481
37_npp_10000.in;9;4.663;9;0.481
37_npp_10000.in;5;4.58;5;0.479
37_npp_10000.in;9;4.587;9;0.478
37_npp_10000.in;5;4.61;5;0.482
37_npp_10000.in;7;4.654;7;0.489
37_npp_10000.in;1;4.528;1;0.476
37_npp_10000.in;13;4.676;13;0.48
37_npp_10000.in;1;4.646;1;0.486
37_npp_10000.in;3;4.594;3;0.481
37_npp_10000.in;3;4.664;3;0.483
37_npp_10000.in;9;4.601;9;0.479
37_npp_10000.in;5;4.542;5;0.474
37_npp_10000.in;1;4.689;1;0.482
37_npp_10000.in;9;4.619;9;0.484
37_npp_10000.in;1;4.577;1;0.48
37_npp_10000.in;3;4.622;3;0.486
16_npp_500.in;240;0.109;240;0
16_npp_500.in;30;0.104;30;0
16_npp_500.in;22;0.106;22;0.001
16_npp_500.in;26;0.104;26;0
16_npp_500.in;16;0.105;16;0
16_npp_500.in;230;0.105;230;0
16_npp_500.in;4;0.11;4;0
16_npp_500.in;4;0.108;4;0
16_npp_500.in;68;0.105;68;0
16_npp_500.in;2;0.106;2;0
16_npp_500.in;14;0.106;14;0.001
16_npp_500.in;10;0.105;10;0
16_npp_500.in;0;0.106;0;0
16_npp_500.in;2;0.105;2;0
16_npp_500.in;2;0.105;2;0
16_npp_500.in;0;0.107;0;0
16_npp_500.in;18;0.105;18;0.001
16_npp_500.in;0;0.106;0;0
16_npp_500.in;16;0.105;16;0
16_npp_500.in;8;0.107;8;0
16_npp_500.in;8;0.105;8;0
16_npp_500.in;6;0.106;6;0
16_npp_500.in;32;0.105;32;0
16_npp_500.in;4;0.105;4;0
16_npp_500.in;16;0.107;16;0.001
16_npp_500.in;16;0.104;16;0.001
16_npp_500.in;14;0.106;14;0.001
16_npp_500.in;2;0.104;2;0
16_npp_500.in;4;0.106;4;0.001
16_npp_500.in;22;0.106;22;0
28_npp_1500.in;15;0.252;15;0.003
28_npp_1500.in;3;0.257;3;0.004
28_npp_1500.in;1;0.252;1;0.004
28_npp_1500.in;15;0.252;15;0.003
28_npp_1500.in;19;0.252;19;0.003
28_npp_1500.in;1;0.263;1;0.003
28_npp_1500.in;15;0.256;15;0.004
28_npp_1500.in;9;0.253;9;0.003
28_npp_1500.in;3;0.256;3;0.003
28_npp_1500.in;15;0.269;15;0.003
28_npp_1500.in;3;0.253;3;0.004
28_npp_1500.in;49;0.255;49;0.003
28_npp_1500.in;5;0.254;5;0.003
28_npp_1500.in;11;0.26;11;0.003
28_npp_1500.in;11;0.255;11;0.003
28_npp_1500.in;3;0.249;3;0.003
28_npp_1500.in;1;0.253;1;0.004
28_npp_1500.in;3;0.254;3;0.003
28_npp_1500.in;13;0.253;13;0.003
28_npp_1500.in;21;0.253;21;0.003
28_npp_1500.in;3;0.253;3;0.003
28_npp_1500.in;1;0.251;1;0.003
28_npp_1500.in;13;0.256;13;0.003
28_npp_1500.in;7;0.25;7;0.004
28_npp_1500.in;7;0.255;7;0.003
28_npp_1500.in;7;0.25;7;0.003
28_npp_1500.in;3;0.254;3;0.003
28_npp_1500.in;11;0.252;11;0.007
28_npp_1500.in;27;0.259;27;0.003
28_npp_1500.in;17;0.296;17;0.005
19_npp_1000.in;57;0.209;57;0.001
19_npp_1000.in;21;0.189;21;0.001
19_npp_1000.in;203;0.182;203;0.002
19_npp_1000.in;1;0.183;1;0.001
19_npp_1000.in;75;0.18;75;0.001
19_npp_1000.in;19;0.185;19;0.001
19_npp_1000.in;1;0.181;1;0.001
19_npp_1000.in;5;0.18;5;0.001
19_npp_1000.in;3;0.184;3;0.001
19_npp_1000.in;71;0.182;71;0.001
19_npp_1000.in;93;0.186;93;0.001
19_npp_1000.in;25;0.183;25;0.001
19_npp_1000.in;137;0.181;137;0.001
19_npp_1000.in;1;0.184;1;0.001
19_npp_1000.in;11;0.181;11;0.001
19_npp_1000.in;25;0.184;25;0.001
19_npp_1000.in;29;0.185;29;0.001
19_npp_1000.in;19;0.18;19;0.003
19_npp_1000.in;37;0.181;37;0.001
19_npp_1000.in;15;0.185;15;0.001
19_npp_1000.in;25;0.181;25;0.001
19_npp_1000.in;15;0.184;15;0.001
19_npp_1000.in;53;0.183;53;0.001
19_npp_1000.in;147;0.181;147;0.001
19_npp_1000.in;9;0.185;9;0.001
19_npp_1000.in;33;0.183;33;0.001
19_npp_1000.in;73;0.182;73;0.001
19_npp_1000.in;3;0.183;3;0.001
19_npp_1000.in;143;0.181;143;0.001
19_npp_1000.in;1;0.184;1;0.001
24_npp_1250.in;57;0.219;57;0.002
24_npp_1250.in;143;0.216;143;0.005
24_npp_1250.in;39;0.217;39;0.002
24_npp_1250.in;27;0.216;27;0.002
24_npp_1250.in;43;0.218;43;0.002
24_npp_1250.in;101;0.217;101;0.002
24_npp_1250.in;21;0.216;21;0.002
24_npp_1250.in;17;0.216;17;0.002
24_npp_1250.in;7;0.217;7;0.002
24_npp_1250.in;53;0.217;53;0.002
24_npp_1250.in;35;0.214;35;0.002
24_npp_1250.in;27;0.222;27;0.002
24_npp_1250.in;23;0.218;23;0.002
24_npp_1250.in;17;0.221;17;0.002
24_npp_1250.in;81;0.218;81;0.002
24_npp_1250.in;25;0.22;25;0.002
24_npp_1250.in;45;0.218;45;0.002
24_npp_1250.in;39;0.219;39;0.005
24_npp_1250.in;41;0.222;41;0.002
24_npp_1250.in;19;0.216;19;0.002
24_npp_1250.in;99;0.218;99;0.002
24_npp_1250.in;39;0.218;39;0.002
24_npp_1250.in;25;0.217;25;0.002
24_npp_1250.in;43;0.217;43;0.002
24_npp_1250.in;57;0.219;57;0.002
24_npp_1250.in;7;0.218;7;0.002
24_npp_1250.in;3;0.218;3;0.002
24_npp_1250.in;73;0.216;73;0.002
24_npp_1250.in;11;0.215;11;0.002
24_npp_1250.in;49;0.221;49;0.002
18_npp_1000.in;2;0.18;2;0.001
18_npp_1000.in;36;0.182;36;0.001
18_npp_1000.in;74;0.181;74;0.001
18_npp_1000.in;26;0.18;26;0.002
18_npp_1000.in;72;0.184;72;0.002
18_npp_1000.in;12;0.184;12;0.001
18_npp_1000.in;30;0.18;30;0.001
18_npp_1000.in;96;0.186;96;0.001
18_npp_1000.in;18;0.181;18;0.001
18_npp_1000.in;36;0.183;36;0.001
18_npp_1000.in;24;0.182;24;0.001
18_npp_1000.in;68;0.181;68;0.001
18_npp_1000.in;0;0.186;0;0.001
18_npp_1000.in;2;0.184;2;0.001
18_npp_1000.in;68;0.182;68;0.001
18_npp_1000.in;34;0.185;34;0.003
18_npp_1000.in;10;0.184;10;0.001
18_npp_1000.in;44;0.184;44;0.001
18_npp_1000.in;36;0.181;36;0.001
18_npp_1000.in;6;0.181;6;0.002
18_npp_1000.in;16;0.183;16;0.002
18_npp_1000.in;34;0.181;34;0.001
18_npp_1000.in;44;0.182;44;0.001
18_npp_1000.in;28;0.183;28;0.001
18_npp_1000.in;6;0.181;6;0.001
18_npp_1000.in;70;0.183;70;0.001
18_npp_1000.in;40;0.18;40;0.001
18_npp_1000.in;22;0.18;22;0.001
18_npp_1000.in;2;0.182;2;0.001
18_npp_1000.in;4;0.183;4;0.001
10_npp_100.in;1304;0.042;1304;0
10_npp_100.in;186;0.041;186;0
10_npp_100.in;418;0.041;418;0
10_npp_100.in;1046;0.041;1046;0
10_npp_100.in;2100;0.041;2100;0
10_npp_100.in;1528;0.043;1528;0
10_npp_100.in;1396;0.042;1396;0
10_npp_100.in;330;0.041;330;0
10_npp_100.in;1038;0.041;1038;0
10_npp_100.in;62;0.041;62;0
10_npp_100.in;794;0.041;794;0
10_npp_100.in;2578;0.041;2578;0
10_npp_100.in;188;0.041;188;0
10_npp_100.in;2764;0.041;2764;0
10_npp_100.in;404;0.041;404;0
10_npp_100.in;1294;0.042;1294;0
10_npp_100.in;1886;0.041;1886;0
10_npp_100.in;2358;0.042;2358;0
10_npp_100.in;130;0.042;130;0
10_npp_100.in;412;0.041;412;0
10_npp_100.in;1502;0.041;1502;0
10_npp_100.in;1634;0.041;1634;0
10_npp_100.in;898;0.042;898;0
10_npp_100.in;1126;0.041;1126;0
10_npp_100.in;304;0.041;304;0
10_npp_100.in;454;0.041;454;0
10_npp_100.in;2510;0.041;2510;0
10_npp_100.in;1226;0.042;1226;0
10_npp_100.in;370;0.041;370;0
10_npp_100.in;160;0.043;160;0
22_npp_1100.in;36;0.189;36;0.002
22_npp_1100.in;108;0.192;108;0.002
22_npp_1100.in;168;0.192;168;0.002
22_npp_1100.in;6;0.192;6;0.002
22_npp_1100.in;70;0.19;70;0.002
22_npp_1100.in;8;0.191;8;0.002
22_npp_1100.in;44;0.19;44;0.002
22_npp_1100.in;16;0.192;16;0.002
22_npp_1100.in;74;0.191;74;0.002
22_npp_1100.in;16;0.188;16;0.002
22_npp_1100.in;52;0.191;52;0.002
22_npp_1100.in;24;0.189;24;0.002
22_npp_1100.in;184;0.19;184;0.002
22_npp_1100.in;4;0.19;4;0.002
22_npp_1100.in;106;0.189;106;0.002
22_npp_1100.in;136;0.191;136;0.002
22_npp_1100.in;20;0.189;20;0.002
22_npp_1100.in;14;0.19;14;0.002
22_npp_1100.in;6;0.189;6;0.002
22_npp_1100.in;60;0.19;60;0.002
22_npp_1100.in;44;0.192;44;0.002
22_npp_1100.in;34;0.193;34;0.002
22_npp_1100.in;68;0.19;68;0.002
22_npp_1100.in;8;0.194;8;0.002
22_npp_1100.in;26;0.19;26;0.002
22_npp_1100.in;18;0.191;18;0.002
22_npp_1100.in;24;0.191;24;0.002
22_npp_1100.in;70;0.189;70;0.002
22_npp_1100.in;46;0.194;46;0.002
22_npp_1100.in;42;0.189;42;0.002
06_npp_50.in;3852;0.037;3852;0
06_npp_50.in;280;0.037;280;0
06_npp_50.in;2930;0.037;2930;0
06_npp_50.in;896;0.038;896;0
06_npp_50.in;2516;0.039;2516;0
06_npp_50.in;9850;0.037;9850;0
06_npp_50.in;342;0.037;342;0
06_npp_50.in;5644;0.037;5644;0
06_npp_50.in;1688;0.037;1688;0
06_npp_50.in;972;0.039;972;0
06_npp_50.in;1452;0.039;1452;0
06_npp_50.in;7944;0.037;7944;0
06_npp_50.in;1468;0.037;1468;0
06_npp_50.in;218;0.038;218;0
06_npp_50.in;1764;0.037;1764;0
06_npp_50.in;2498;0.037;2498;0
06_npp_50.in;1394;0.037;1394;0
06_npp_50.in;1540;0.041;1540;0
06_npp_50.in;1938;0.038;1938;0
06_npp_50.in;3844;0.037;3844;0
06_npp_50.in;322;0.038;322;0
06_npp_50.in;1450;0.037;1450;0
06_npp_50.in;2066;0.042;2066;0
06_npp_50.in;596;0.042;596;0
06_npp_50.in;2128;0.043;2128;0
06_npp_50.in;1650;0.042;1650;0
06_npp_50.in;320;0.04;320;0
06_npp_50.in;766;0.038;766;0
06_npp_50.in;1428;0.037;1428;0
06_npp_50.in;4;0.039;4;0
21_npp_1100.in;5;0.194;5;0.002
21_npp_1100.in;93;0.189;93;0.002
21_npp_1100.in;209;0.195;209;0.002
21_npp_1100.in;99;0.19;99;0.002
21_npp_1100.in;73;0.188;73;0.002
21_npp_1100.in;107;0.19;107;0.002
21_npp_1100.in;13;0.189;13;0.002
21_npp_1100.in;67;0.193;67;0.002
21_npp_1100.in;11;0.19;11;0.002
21_npp_1100.in;45;0.189;45;0.002
21_npp_1100.in;85;0.188;85;0.002
21_npp_1100.in;91;0.189;91;0.002
21_npp_1100.in;9;0.195;9;0.002
21_npp_1100.in;9;0.192;9;0.002
21_npp_1100.in;29;0.189;29;0.002
21_npp_1100.in;209;0.191;209;0.002
21_npp_1100.in;217;0.19;217;0.002
21_npp_1100.in;279;0.197;279;0.002
21_npp_1100.in;81;0.192;81;0.002
21_npp_1100.in;107;0.19;107;0.002
21_npp_1100.in;195;0.215;195;0.002
21_npp_1100.in;15;0.228;15;0.002
21_npp_1100.in;33;0.215;33;0.002
21_npp_1100.in;43;0.191;43;0.002
21_npp_1100.in;53;0.189;53;0.002
21_npp_1100.in;83;0.191;83;0.002
21_npp_1100.in;37;0.19;37;0.002
21_npp_1100.in;119;0.191;119;0.002
21_npp_1100.in;139;0.19;139;0.002
21_npp_1100.in;25;0.189;25;0.002
13_npp_250.in;46;0.07;46;0
13_npp_250.in;32;0.071;32;0
13_npp_250.in;10;0.069;10;0
13_npp_250.in;8;0.07;8;0
13_npp_250.in;96;0.072;96;0
13_npp_250.in;110;0.07;110;0
13_npp_250.in;24;0.07;24;0
13_npp_250.in;78;0.07;78;0
13_npp_250.in;32;0.072;32;0
13_npp_250.in;50;0.07;50;0
13_npp_250.in;112;0.07;112;0
13_npp_250.in;116;0.07;116;0
13_npp_250.in;1742;0.07;1742;0
13_npp_250.in;16;0.07;16;0
13_npp_250.in;908;0.07;908;0
13_npp_250.in;32;0.071;32;0
13_npp_250.in;48;0.07;48;0
13_npp_250.in;86;0.07;86;0
13_npp_250.in;1914;0.069;1914;0
13_npp_250.in;1532;0.07;1532;0
13_npp_250.in;26;0.07;26;0
13_npp_250.in;66;0.07;66;0
13_npp_250.in;562;0.074;562;0
13_npp_250.in;2;0.071;2;0
13_npp_250.in;6;0.07;6;0
13_npp_250.in;120;0.071;120;0
13_npp_250.in;60;0.07;60;0
13_npp_250.in;44;0.07;44;0
13_npp_250.in;60;0.07;60;0
13_npp_250.in;100;0.07;100;0
14_npp_250.in;8;0.071;8;0
14_npp_250.in;44;0.069;44;0
14_npp_250.in;12;0.07;12;0
14_npp_250.in;550;0.07;550;0
14_npp_250.in;760;0.07;760;0
14_npp_250.in;616;0.07;616;0
14_npp_250.in;164;0.073;164;0
14_npp_250.in;2;0.071;2;0
14_npp_250.in;524;0.069;524;0
14_npp_250.in;768;0.07;768;0
14_npp_250.in;270;0.07;270;0
14_npp_250.in;476;0.07;476;0
14_npp_250.in;570;0.07;570;0
14_npp_250.in;110;0.069;110;0
14_npp_250.in;246;0.07;246;0
14_npp_250.in;84;0.07;84;0
14_npp_250.in;998;0.071;998;0
14_npp_250.in;918;0.07;918;0
14_npp_250.in;430;0.07;430;0
14_npp_250.in;170;0.071;170;0
14_npp_250.in;34;0.074;34;0
14_npp_250.in;138;0.07;138;0
14_npp_250.in;468;0.07;468;0
14_npp_250.in;958;0.071;958;0
14_npp_250.in;172;0.069;172;0
14_npp_250.in;10;0.071;10;0
14_npp_250.in;512;0.07;512;0
14_npp_250.in;50;0.071;50;0
14_npp_250.in;140;0.07;140;0
14_npp_250.in;620;0.07;620;0
36_npp_10000.in;7;4.604;7;0.48
36_npp_10000.in;1;4.613;1;0.941
36_npp_10000.in;1;4.597;1;0.479
36_npp_10000.in;1;4.589;1;0.478
36_npp_10000.in;1;4.693;1;1.413
36_npp_10000.in;9;4.589;9;0.477
36_npp_10000.in;15;4.579;15;0.937
36_npp_10000.in;1;4.612;1;1.871
36_npp_10000.in;1;4.622;1;0.481
36_npp_10000.in;1;4.537;1;0.474
36_npp_10000.in;5;4.604;5;0.473
36_npp_10000.in;1;4.581;1;0.477
36_npp_10000.in;1;4.608;1;0.48
36_npp_10000.in;27;4.572;27;0.478
36_npp_10000.in;3;4.622;3;0.482
36_npp_10000.in;1;4.541;1;0.474
36_npp_10000.in;13;4.65;13;0.477
36_npp_10000.in;1;4.639;1;0.484
36_npp_10000.in;1;4.617;1;0.945
36_npp_10000.in;1;4.546;1;0.476
36_npp_10000.in;1;4.596;1;0.481
36_npp_10000.in;1;4.601;1;0.545
36_npp_10000.in;5;4.635;5;0.482
36_npp_10000.in;1;4.604;1;0.48
36_npp_10000.in;5;4.625;5;0.481
36_npp_10000.in;25;4.624;25;0.481
36_npp_10000.in;1;4.634;1;0.981
36_npp_10000.in;1;4.643;1;0.475
36_npp_10000.in;1;4.601;1;0.477
36_npp_10000.in;1;4.573;1;0.478
25_npp_1250.in;149;0.22;149;0.002
25_npp_1250.in;49;0.22;49;0.002
25_npp_1250.in;7;0.216;7;0.002
25_npp_1250.in;57;0.216;57;0.002
25_npp_1250.in;71;0.216;71;0.002
25_npp_1250.in;47;0.217;47;0.002
25_npp_1250.in;83;0.221;83;0.002
25_npp_1250.in;5;0.218;5;0.002
25_npp_1250.in;127;0.217;127;0.002
25_npp_1250.in;23;0.216;23;0.002
25_npp_1250.in;57;0.221;57;0.002
25_npp_1250.in;23;0.217;23;0.002
25_npp_1250.in;107;0.216;107;0.002
25_npp_1250.in;47;0.216;47;0.002
25_npp_1250.in;29;0.221;29;0.002
25_npp_1250.in;17;0.216;17;0.002
25_npp_1250.in;97;0.215;97;0.002
25_npp_1250.in;39;0.217;39;0.002
25_npp_1250.in;19;0.217;19;0.002
25_npp_1250.in;17;0.216;17;0.002
25_npp_1250.in;7;0.219;7;0.002
25_npp_1250.in;29;0.216;29;0.002
25_npp_1250.in;7;0.218;7;0.002
25_npp_1250.in;19;0.217;19;0.002
25_npp_1250.in;3;0.216;3;0.002
25_npp_1250.in;17;0.217;17;0.002
25_npp_1250.in;43;0.218;43;0.002
25_npp_1250.in;113;0.218;113;0.002
25_npp_1250.in;23;0.223;23;0.002
25_npp_1250.in;1;0.217;1;0.002
33_npp_5000.in;7;1.994;7;0.206
33_npp_5000.in;13;1.962;13;0.104
33_npp_5000.in;5;1.978;5;0.102
33_npp_5000.in;9;1.97;9;0.102
33_npp_5000.in;15;1.97;15;0.102
33_npp_5000.in;3;2.026;3;0.239
33_npp_5000.in;3;1.976;3;0.101
33_npp_5000.in;1;2.003;1;0.205
33_npp_5000.in;7;1.97;7;0.102
33_npp_5000.in;15;1.981;15;0.1
33_npp_5000.in;9;1.971;9;0.102
33_npp_5000.in;7;1.966;7;0.103
33_npp_5000.in;47;1.988;47;0.102
33_npp_5000.in;23;1.975;23;0.103
33_npp_5000.in;3;2.02;3;0.108
33_npp_5000.in;5;1.973;5;0.102
33_npp_5000.in;7;1.986;7;0.103
33_npp_5000.in;5;1.969;5;0.103
33_npp_5000.in;7;2.053;7;0.102
33_npp_5000.in;21;1.996;21;0.104
33_npp_5000.in;7;2.089;7;0.105
33_npp_5000.in;3;2.017;3;0.103
33_npp_5000.in;9;1.954;9;0.102
33_npp_5000.in;15;1.936;15;0.101
33_npp_5000.in;5;1.959;5;0.103
33_npp_5000.in;1;1.967;1;0.104
33_npp_5000.in;11;1.982;11;0.103
33_npp_5000.in;1;1.978;1;0.103
33_npp_5000.in;3;1.978;3;0.102
33_npp_5000.in;7;1.959;7;0.101
09_npp_100.in;172;0.043;172;0
09_npp_100.in;98;0.042;98;0
09_npp_100.in;208;0.041;208;0
09_npp_100.in;26;0.041;26;0
09_npp_100.in;214;0.041;214;0
09_npp_100.in;102;0.042;102;0
09_npp_100.in;148;0.042;148;0
09_npp_100.in;106;0.042;106;0
09_npp_100.in;106;0.041;106;0
09_npp_100.in;84;0.042;84;0
09_npp_100.in;10;0.041;10;0
09_npp_100.in;0;0.042;0;0
09_npp_100.in;1108;0.041;1108;0
09_npp_100.in;42;0.043;42;0
09_npp_100.in;26;0.041;26;0
09_npp_100.in;76;0.041;76;0
09_npp_100.in;82;0.041;82;0
09_npp_100.in;126;0.041;126;0
09_npp_100.in;58;0.041;58;0
09_npp_100.in;128;0.041;128;0
09_npp_100.in;68;0.042;68;0
09_npp_100.in;16;0.041;16;0
09_npp_100.in;370;0.041;370;0
09_npp_100.in;92;0.041;92;0
09_npp_100.in;46;0.041;46;0
09_npp_100.in;358;0.041;358;0
09_npp_100.in;14;0.042;14;0
09_npp_100.in;100;0.042;100;0
09_npp_100.in;20;0.041;20;0
09_npp_100.in;154;0.042;154;0
02_npp_10.in;2618;0.023;2618;0
02_npp_10.in;2756;0.023;2756;0
02_npp_10.in;7622;0.023;7622;0
02_npp_10.in;2132;0.023;2132;0
02_npp_10.in;372;0.023;372;0
02_npp_10.in;2756;0.023;2756;0
02_npp_10.in;2128;0.023;2128;0
02_npp_10.in;4512;0.023;4512;0
02_npp_10.in;2756;0.024;2756;0
02_npp_10.in;6820;0.023;6820;0
02_npp_10.in;12208;0.023;12208;0
02_npp_10.in;3888;0.024;3888;0
02_npp_10.in;7622;0.024;7622;0
02_npp_10.in;7052;0.023;7052;0
02_npp_10.in;2618;0.023;2618;0
02_npp_10.in;7052;0.023;7052;0
02_npp_10.in;2132;0.025;2132;0
02_npp_10.in;372;0.023;372;0
02_npp_10.in;2618;0.023;2618;0
02_npp_10.in;9360;0.023;9360;0
02_npp_10.in;2132;0.023;2132;0
02_npp_10.in;7484;0.023;7484;0
02_npp_10.in;2618;0.023;2618;0
02_npp_10.in;7484;0.023;7484;0
02_npp_10.in;12208;0.023;12208;0
02_npp_10.in;2618;0.023;2618;0
02_npp_10.in;2128;0.023;2128;0
02_npp_10.in;2618;0.023;2618;0
02_npp_10.in;9360;0.023;9360;0
02_npp_10.in;2128;0.023;2128;0
00_npp_10.in;10309;0.023;10309;0
00_npp_10.in;27109;0.023;27109;0
00_npp_10.in;13025;0.024;13025;0
00_npp_10.in;7101;0.023;7101;0
00_npp_10.in;13025;0.023;13025;0
00_npp_10.in;21947;0.023;21947;0
00_npp_10.in;309;0.023;309;0
00_npp_10.in;12857;0.023;12857;0
00_npp_10.in;23003;0.023;23003;0
00_npp_10.in;10309;0.023;10309;0
00_npp_10.in;10309;0.023;10309;0
00_npp_10.in;6209;0.023;6209;0
00_npp_10.in;4655;0.023;4655;0
00_npp_10.in;23003;0.023;23003;0
00_npp_10.in;17847;0.023;17847;0
00_npp_10.in;23003;0.023;23003;0
00_npp_10.in;31049;0.023;31049;0
00_npp_10.in;2881;0.023;2881;0
00_npp_10.in;15471;0.023;15471;0
00_npp_10.in;715;0.023;715;0
00_npp_10.in;33593;0.023;33593;0
00_npp_10.in;54825;0.023;54825;0
00_npp_10.in;4655;0.023;4655;0
00_npp_10.in;17847;0.023;17847;0
00_npp_10.in;27109;0.026;27109;0
00_npp_10.in;30877;0.024;30877;0
00_npp_10.in;6381;0.024;6381;0
00_npp_10.in;27103;0.023;27103;0
00_npp_10.in;10309;0.024;10309;0
00_npp_10.in;2881;0.023;2881;0
32_npp_2000.in;28;0.325;28;0.014
32_npp_2000.in;50;0.328;50;0.007
32_npp_2000.in;14;0.329;14;0.007
32_npp_2000.in;2;0.329;2;0.007
32_npp_2000.in;2;0.326;2;0.013
32_npp_2000.in;30;0.336;30;0.007
32_npp_2000.in;2;0.325;2;0.006
32_npp_2000.in;2;0.325;2;0.007
32_npp_2000.in;8;0.329;8;0.007
32_npp_2000.in;12;0.329;12;0.014
32_npp_2000.in;0;0.328;0;0.013
32_npp_2000.in;28;0.336;28;0.006
32_npp_2000.in;8;0.329;8;0.014
32_npp_2000.in;82;0.326;82;0.007
32_npp_2000.in;40;0.333;40;0.014
32_npp_2000.in;18;0.333;18;0.014
32_npp_2000.in;8;0.325;8;0.007
32_npp_2000.in;12;0.332;12;0.007
32_npp_2000.in;10;0.326;10;0.007
32_npp_2000.in;34;0.331;34;0.007
32_npp_2000.in;2;0.324;2;0.014
32_npp_2000.in;30;0.387;30;0.011
32_npp_2000.in;28;0.349;28;0.007
32_npp_2000.in;4;0.331;4;0.007
32_npp_2000.in;92;0.333;92;0.007
32_npp_2000.in;42;0.335;42;0.007
32_npp_2000.in;20;0.336;20;0.007
32_npp_2000.in;4;0.327;4;0.013
32_npp_2000.in;8;0.331;8;0.014
32_npp_2000.in;4;0.327;4;0.006
03_npp_25.in;1208;0.028;1208;0
03_npp_25.in;28880;0.028;28880;0
03_npp_25.in;202;0.028;202;0
03_npp_25.in;1730;0.028;1730;0
03_npp_25.in;17260;0.028;17260;0
03_npp_25.in;11796;0.028;11796;0
03_npp_25.in;1398;0.028;1398;0
03_npp_25.in;1148;0.028;1148;0
03_npp_25.in;1340;0.028;1340;0
03_npp_25.in;570;0.028;570;0
03_npp_25.in;8364;0.029;8364;0
03_npp_25.in;682;0.028;682;0
03_npp_25.in;3428;0.028;3428;0
03_npp_25.in;14970;0.028;14970;0
03_npp_25.in;906;0.028;906;0
03_npp_25.in;4312;0.028;4312;0
03_npp_25.in;5386;0.029;5386;0
03_npp_25.in;11182;0.029;11182;0
03_npp_25.in;4084;0.028;4084;0
03_npp_25.in;232;0.032;232;0
03_npp_25.in;1046;0.029;1046;0
03_npp_25.in;4350;0.028;4350;0
03_npp_25.in;1130;0.028;1130;0
03_npp_25.in;2916;0.028;2916;0
03_npp_25.in;17220;0.028;17220;0
03_npp_25.in;13826;0.028;13826;0
03_npp_25.in;8092;0.029;8092;0
03_npp_25.in;3048;0.028;3048;0
03_npp_25.in;25578;0.028;25578;0
03_npp_25.in;5192;0.028;5192;0
26_npp_1250.in;7;0.215;7;0.002
26_npp_1250.in;15;0.216;15;0.002
26_npp_1250.in;5;0.216;5;0.002
26_npp_1250.in;17;0.225;17;0.005
26_npp_1250.in;59;0.217;59;0.002
26_npp_1250.in;7;0.214;7;0.002
26_npp_1250.in;13;0.217;13;0.002
26_npp_1250.in;143;0.222;143;0.002
26_npp_1250.in;81;0.216;81;0.002
26_npp_1250.in;15;0.215;15;0.002
26_npp_1250.in;45;0.218;45;0.005
26_npp_1250.in;1;0.216;1;0.002
26_npp_1250.in;43;0.223;43;0.002
26_npp_1250.in;1;0.216;1;0.002
26_npp_1250.in;1;0.217;1;0.002
26_npp_1250.in;31;0.217;31;0.002
26_npp_1250.in;1;0.217;1;0.005
26_npp_1250.in;35;0.219;35;0.002
26_npp_1250.in;201;0.216;201;0.002
26_npp_1250.in;27;0.214;27;0.005
26_npp_1250.in;35;0.219;35;0.002
26_npp_1250.in;17;0.219;17;0.002
26_npp_1250.in;35;0.216;35;0.002
26_npp_1250.in;37;0.216;37;0.002
26_npp_1250.in;211;0.216;211;0.002
26_npp_1250.in;143;0.22;143;0.002
26_npp_1250.in;65;0.216;65;0.002
26_npp_1250.in;9;0.216;9;0.002
26_npp_1250.in;77;0.217;77;0.002
26_npp_1250.in;73;0.217;73;0.002
23_npp_1100.in;30;0.192;30;0.004
23_npp_1100.in;70;0.189;70;0.002
23_npp_1100.in;30;0.189;30;0.002
23_npp_1100.in;108;0.196;108;0.002
23_npp_1100.in;62;0.19;62;0.002
23_npp_1100.in;26;0.194;26;0.002
23_npp_1100.in;16;0.19;16;0.002
23_npp_1100.in;20;0.192;20;0.002
23_npp_1100.in;70;0.191;70;0.002
23_npp_1100.in;36;0.19;36;0.002
23_npp_1100.in;30;0.192;30;0.002
23_npp_1100.in;24;0.19;24;0.002
23_npp_1100.in;68;0.191;68;0.004
23_npp_1100.in;30;0.191;30;0.002
23_npp_1100.in;34;0.19;34;0.002
23_npp_1100.in;28;0.196;28;0.002
23_npp_1100.in;52;0.189;52;0.004
23_npp_1100.in;10;0.189;10;0.002
23_npp_1100.in;36;0.191;36;0.002
23_npp_1100.in;2;0.192;2;0.002
23_npp_1100.in;26;0.199;26;0.002
23_npp_1100.in;0;0.193;0;0.002
23_npp_1100.in;16;0.189;16;0.002
23_npp_1100.in;32;0.192;32;0.002
23_npp_1100.in;50;0.191;50;0.002
23_npp_1100.in;88;0.204;88;0.002
23_npp_1100.in;22;0.197;22;0.002
23_npp_1100.in;2;0.191;2;0.002
23_npp_1100.in;82;0.192;82;0.002
23_npp_1100.in;4;0.189;4;0.002
27_npp_1500.in;19;0.257;19;0.003
27_npp_1500.in;3;0.252;3;0.003
27_npp_1500.in;7;0.254;7;0.007
27_npp_1500.in;47;0.252;47;0.003
27_npp_1500.in;3;0.256;3;0.003
27_npp_1500.in;9;0.251;9;0.007
27_npp_1500.in;29;0.252;29;0.003
27_npp_1500.in;13;0.252;13;0.004
27_npp_1500.in;39;0.254;39;0.007
27_npp_1500.in;25;0.256;25;0.003
27_npp_1500.in;33;0.251;33;0.003
27_npp_1500.in;107;0.254;107;0.004
27_npp_1500.in;127;0.255;127;0.003
27_npp_1500.in;35;0.254;35;0.004
27_npp_1500.in;55;0.25;55;0.004
27_npp_1500.in;29;0.253;29;0.003
27_npp_1500.in;57;0.265;57;0.004
27_npp_1500.in;7;0.256;7;0.003
27_npp_1500.in;63;0.256;63;0.007
27_npp_1500.in;41;0.256;41;0.004
27_npp_1500.in;23;0.256;23;0.004
27_npp_1500.in;19;0.254;19;0.003
27_npp_1500.in;11;0.252;11;0.003
27_npp_1500.in;85;0.262;85;0.003
27_npp_1500.in;7;0.257;7;0.003
27_npp_1500.in;7;0.251;7;0.003
27_npp_1500.in;11;0.254;11;0.003
27_npp_1500.in;13;0.26;13;0.004
27_npp_1500.in;1;0.252;1;0.004
27_npp_1500.in;17;0.25;17;0.003
08_npp_50.in;1581;0.037;1581;0
08_npp_50.in;1481;0.037;1481;0
08_npp_50.in;2319;0.037;2319;0
08_npp_50.in;37;0.037;37;0
08_npp_50.in;345;0.037;345;0
08_npp_50.in;3951;0.037;3951;0
08_npp_50.in;575;0.037;575;0
08_npp_50.in;99;0.037;99;0
08_npp_50.in;7645;0.037;7645;0
08_npp_50.in;6235;0.04;6235;0
08_npp_50.in;191;0.038;191;0
08_npp_50.in;2603;0.038;2603;0
08_npp_50.in;2207;0.037;2207;0
08_npp_50.in;883;0.037;883;0
08_npp_50.in;1453;0.037;1453;0
08_npp_50.in;1747;0.037;1747;0
08_npp_50.in;5927;0.037;5927;0
08_npp_50.in;753;0.037;753;0
08_npp_50.in;2413;0.037;2413;0
08_npp_50.in;2245;0.037;2245;0
08_npp_50.in;793;0.037;793;0
08_npp_50.in;1505;0.037;1505;0
08_npp_50.in;225;0.037;225;0
08_npp_50.in;1441;0.037;1441;0
08_npp_50.in;805;0.037;805;0
08_npp_50.in;145;0.037;145;0
08_npp_50.in;1341;0.037;1341;0
08_npp_50.in;241;0.037;241;0
08_npp_50.in;1485;0.04;1485;0
08_npp_50.in;427;0.037;427;0
30_npp_2000.in;1;0.333;1;0.007
30_npp_2000.in;1;0.334;1;0.013
30_npp_2000.in;59;0.323;59;0.006
30_npp_2000.in;3;0.339;3;0.013
30_npp_2000.in;5;0.329;5;0.007
30_npp_2000.in;27;0.324;27;0.007
30_npp_2000.in;25;0.332;25;0.006
30_npp_2000.in;29;0.33;29;0.013
30_npp_2000.in;29;0.326;29;0.007
30_npp_2000.in;27;0.337;27;0.013
30_npp_2000.in;5;0.329;5;0.007
30_npp_2000.in;1;0.325;1;0.007
30_npp_2000.in;5;0.329;5;0.007
30_npp_2000.in;7;0.327;7;0.007
30_npp_2000.in;15;0.365;15;0.007
30_npp_2000.in;13;0.365;13;0.007
30_npp_2000.in;13;0.329;13;0.007
30_npp_2000.in;33;0.328;33;0.019
30_npp_2000.in;23;0.341;23;0.007
30_npp_2000.in;11;0.328;11;0.007
30_npp_2000.in;27;0.329;27;0.007
30_npp_2000.in;1;0.334;1;0.007
30_npp_2000.in;1;0.33;1;0.007
30_npp_2000.in;39;0.34;39;0.013
30_npp_2000.in;33;0.329;33;0.007
30_npp_2000.in;13;0.33;13;0.007
30_npp_2000.in;33;0.327;33;0.006
30_npp_2000.in;11;0.329;11;0.007
30_npp_2000.in;1;0.337;1;0.007
30_npp_2000.in;15;0.327;15;0.013
15_npp_500.in;164;0.105;164;0
15_npp_500.in;32;0.106;32;0
15_npp_500.in;26;0.106;26;0
15_npp_500.in;88;0.104;88;0
15_npp_500.in;64;0.108;64;0
15_npp_500.in;42;0.105;42;0
15_npp_500.in;38;0.108;38;0
15_npp_500.in;114;0.105;114;0
15_npp_500.in;78;0.11;78;0
15_npp_500.in;196;0.107;196;0
15_npp_500.in;152;0.104;152;0
15_npp_500.in;80;0.105;80;0
15_npp_500.in;414;0.106;414;0
15_npp_500.in;44;0.105;44;0
15_npp_500.in;120;0.105;120;0
15_npp_500.in;50;0.105;50;0
15_npp_500.in;98;0.105;98;0
15_npp_500.in;216;0.106;216;0
15_npp_500.in;32;0.107;32;0
15_npp_500.in;322;0.104;322;0
15_npp_500.in;22;0.105;22;0
15_npp_500.in;146;0.104;146;0
15_npp_500.in;48;0.105;48;0
15_npp_500.in;36;0.105;36;0
15_npp_500.in;90;0.105;90;0
15_npp_500.in;168;0.104;168;0
15_npp_500.in;124;0.105;124;0
15_npp_500.in;80;0.109;80;0
15_npp_500.in;6;0.104;6;0
15_npp_500.in;122;0.105;122;0
