file;sa;timeSa;ls;timeLs
04_npp_25.in;1152;0.033;1152;0
04_npp_25.in;2238;0.031;2238;0
04_npp_25.in;2906;0.03;2906;0
04_npp_25.in;1048;0.03;1048;0
04_npp_25.in;588;0.03;588;0
04_npp_25.in;1924;0.031;1924;0
04_npp_25.in;4384;0.03;4384;0
04_npp_25.in;2108;0.034;2108;0
04_npp_25.in;1376;0.03;1376;0
04_npp_25.in;9762;0.03;9762;0
04_npp_25.in;2230;0.03;2230;0
04_npp_25.in;344;0.03;344;0
04_npp_25.in;1530;0.03;1530;0
04_npp_25.in;2108;0.03;2108;0
04_npp_25.in;1848;0.03;1848;0
04_npp_25.in;376;0.032;376;0
04_npp_25.in;5028;0.03;5028;0
04_npp_25.in;1468;0.03;1468;0
04_npp_25.in;1096;0.03;1096;0
04_npp_25.in;1650;0.03;1650;0
04_npp_25.in;702;0.031;702;0
04_npp_25.in;518;0.03;518;0
04_npp_25.in;130;0.03;130;0
04_npp_25.in;3468;0.032;3468;0
04_npp_25.in;500;0.03;500;0
04_npp_25.in;298;0.03;298;0
04_npp_25.in;1280;0.03;1280;0
04_npp_25.in;1576;0.03;1576;0
04_npp_25.in;390;0.03;390;0
04_npp_25.in;6424;0.029;6424;0
34_npp_5000.in;14;2.269;14;0.123
34_npp_5000.in;0;2.433;0;0.231
34_npp_5000.in;0;2.409;0;0.228
34_npp_5000.in;14;2.305;14;0.12
34_npp_5000.in;4;2.518;4;0.113
34_npp_5000.in;4;2.315;4;0.11
34_npp_5000.in;6;2.241;6;0.111
34_npp_5000.in;18;2.426;18;0.131
34_npp_5000.in;0;2.367;0;0.118
34_npp_5000.in;16;2.402;16;0.123
34_npp_5000.in;10;2.355;10;0.117
34_npp_5000.in;24;2.297;24;0.348
34_npp_5000.in;6;2.313;6;0.116
34_npp_5000.in;28;2.277;28;0.112
34_npp_5000.in;26;2.329;26;0.122
34_npp_5000.in;14;2.304;14;0.123
34_npp_5000.in;4;2.427;4;0.161
34_npp_5000.in;2;2.417;2;0.11
34_npp_5000.in;8;2.333;8;0.234
34_npp_5000.in;0;2.414;0;0.128
34_npp_5000.in;2;2.469;2;0.299
34_npp_5000.in;4;2.351;4;0.112
34_npp_5000.in;4;2.332;4;0.226
34_npp_5000.in;28;2.358;28;0.116
34_npp_5000.in;14;2.441;14;0.138
34_npp_5000.in;26;2.29;26;0.11
34_npp_5000.in;4;2.279;4;0.222
34_npp_5000.in;4;2.295;4;0.224
34_npp_5000.in;0;2.265;0;0.111
34_npp_5000.in;16;2.366;16;0.112
12_npp_250.in;85;0.078;85;0
12_npp_250.in;143;0.077;143;0
12_npp_250.in;73;0.075;73;0
12_npp_250.in;43;0.079;43;0
12_npp_250.in;117;0.08;117;0
12_npp_250.in;141;0.075;141;0
12_npp_250.in;3;0.079;3;0
12_npp_250.in;27;0.08;27;0
12_npp_250.in;121;0.076;121;0
12_npp_250.in;15;0.075;15;0
12_npp_250.in;99;0.081;99;0
12_npp_250.in;93;0.077;93;0
12_npp_250.in;27;0.075;27;0
12_npp_250.in;41;0.08;41;0
12_npp_250.in;197;0.078;197;0
12_npp_250.in;143;0.076;143;0
12_npp_250.in;117;0.079;117;0
12_npp_250.in;59;0.076;59;0
12_npp_250.in;185;0.077;185;0
12_npp_250.in;15;0.079;15;0
12_npp_250.in;53;0.076;53;0
12_npp_250.in;127;0.076;127;0
12_npp_250.in;29;0.075;29;0
12_npp_250.in;133;0.08;133;0
12_npp_250.in;65;0.076;65;0
12_npp_250.in;87;0.077;87;0
12_npp_250.in;21;0.08;21;0
12_npp_250.in;9;0.081;9;0
12_npp_250.in;155;0.077;155;0
12_npp_250.in;175;0.08;175;0
31_npp_2000.in;7;0.357;7;0.007
31_npp_2000.in;3;0.374;3;0.014
31_npp_2000.in;23;0.368;23;0.015
31_npp_2000.in;11;0.368;11;0.007
31_npp_2000.in;5;0.357;5;0.007
31_npp_2000.in;21;0.359;21;0.007
31_npp_2000.in;49;0.359;49;0.007
31_npp_2000.in;17;0.367;17;0.007
31_npp_2000.in;9;0.363;9;0.007
31_npp_2000.in;49;0.367;49;0.007
31_npp_2000.in;9;0.367;9;0.007
31_npp_2000.in;3;0.372;3;0.007
31_npp_2000.in;15;0.359;15;0.007
31_npp_2000.in;5;0.373;5;0.007
31_npp_2000.in;5;0.36;5;0.007
31_npp_2000.in;5;0.369;5;0.007
31_npp_2000.in;11;0.359;11;0.007
31_npp_2000.in;29;0.367;29;0.007
31_npp_2000.in;11;0.368;11;0.007
31_npp_2000.in;129;0.371;129;0.007
31_npp_2000.in;17;0.366;17;0.014
31_npp_2000.in;21;0.364;21;0.013
31_npp_2000.in;7;0.363;7;0.007
31_npp_2000.in;11;0.365;11;0.007
31_npp_2000.in;5;0.36;5;0.007
31_npp_2000.in;49;0.364;49;0.007
31_npp_2000.in;13;0.37;13;0.007
31_npp_2000.in;5;0.366;5;0.007
31_npp_2000.in;9;0.36;9;0.007
31_npp_2000.in;19;0.366;19;0.007
01_npp_10.in;8218;0.025;8218;0
01_npp_10.in;852;0.024;852;0
01_npp_10.in;1590;0.025;1590;0
01_npp_10.in;2320;0.024;2320;0
01_npp_10.in;5114;0.025;5114;0
01_npp_10.in;2320;0.025;2320;0
01_npp_10.in;3646;0.025;3646;0
01_npp_10.in;5406;0.025;5406;0
01_npp_10.in;2280;0.027;2280;0
01_npp_10.in;13932;0.025;13932;0
01_npp_10.in;2320;0.025;2320;0
01_npp_10.in;10722;0.025;10722;0
01_npp_10.in;906;0.025;906;0
01_npp_10.in;2280;0.025;2280;0
01_npp_10.in;5114;0.026;5114;0
01_npp_10.in;8956;0.026;8956;0
01_npp_10.in;4376;0.025;4376;0
01_npp_10.in;36004;0.026;36004;0
01_npp_10.in;36004;0.027;36004;0
01_npp_10.in;3646;0.026;3646;0
01_npp_10.in;2280;0.025;2280;0
01_npp_10.in;13932;0.024;13932;0
01_npp_10.in;2320;0.025;2320;0
01_npp_10.in;36742;0.025;36742;0
01_npp_10.in;10454;0.027;10454;0
01_npp_10.in;5406;0.027;5406;0
01_npp_10.in;4644;0.028;4644;0
01_npp_10.in;1590;0.03;1590;0
01_npp_10.in;8956;0.028;8956;0
01_npp_10.in;2280;0.028;2280;0
29_npp_1500.in;27;0.284;27;0.004
29_npp_1500.in;21;0.309;21;0.004
29_npp_1500.in;7;0.302;7;0.004
29_npp_1500.in;7;0.279;7;0.004
29_npp_1500.in;59;0.292;59;0.004
29_npp_1500.in;17;0.296;17;0.007
29_npp_1500.in;7;0.285;7;0.004
29_npp_1500.in;7;0.296;7;0.007
29_npp_1500.in;3;0.315;3;0.004
29_npp_1500.in;3;0.306;3;0.004
29_npp_1500.in;9;0.292;9;0.003
29_npp_1500.in;31;0.279;31;0.004
29_npp_1500.in;21;0.283;21;0.004
29_npp_1500.in;7;0.277;7;0.007
29_npp_1500.in;7;0.274;7;0.004
29_npp_1500.in;27;0.28;27;0.004
29_npp_1500.in;41;0.288;41;0.003
29_npp_1500.in;13;0.282;13;0.004
29_npp_1500.in;63;0.281;63;0.003
29_npp_1500.in;11;0.28;11;0.009
29_npp_1500.in;1;0.279;1;0.004
29_npp_1500.in;17;0.275;17;0.003
29_npp_1500.in;11;0.28;11;0.004
29_npp_1500.in;1;0.285;1;0.004
29_npp_1500.in;5;0.276;5;0.003
29_npp_1500.in;11;0.277;11;0.003
29_npp_1500.in;1;0.284;1;0.008
29_npp_1500.in;11;0.28;11;0.005
29_npp_1500.in;9;0.284;9;0.008
29_npp_1500.in;1;0.277;1;0.004
38_npp_10000.in;17;5.436;17;0.534
38_npp_10000.in;11;5.582;11;0.522
38_npp_10000.in;3;5.543;3;0.528
38_npp_10000.in;3;5.581;3;0.533
38_npp_10000.in;7;5.291;7;0.52
38_npp_10000.in;7;5.177;7;0.526
38_npp_10000.in;9;5.179;9;0.518
38_npp_10000.in;1;5.144;1;0.532
38_npp_10000.in;1;5.385;1;0.53
38_npp_10000.in;9;5.134;9;0.535
38_npp_10000.in;1;5.17;1;1.048
38_npp_10000.in;13;5.21;13;0.519
38_npp_10000.in;9;5.196;9;0.532
38_npp_10000.in;13;5.188;13;0.524
38_npp_10000.in;7;5.164;7;0.527
38_npp_10000.in;11;5.135;11;0.527
38_npp_10000.in;1;5.292;1;0.539
38_npp_10000.in;3;5.146;3;0.525
38_npp_10000.in;1;5.13;1;0.517
38_npp_10000.in;5;5.204;5;0.527
38_npp_10000.in;5;5.121;5;0.531
38_npp_10000.in;11;5.133;11;0.524
38_npp_10000.in;5;5.166;5;0.517
38_npp_10000.in;11;5.187;11;0.528
38_npp_10000.in;1;5.161;1;0.528
38_npp_10000.in;1;5.126;1;0.516
38_npp_10000.in;11;5.198;11;0.529
38_npp_10000.in;1;5.145;1;0.521
38_npp_10000.in;13;5.135;13;0.521
38_npp_10000.in;5;5.141;5;0.521
05_npp_25.in;1867;0.03;1867;0
05_npp_25.in;3327;0.03;3327;0
05_npp_25.in;1527;0.03;1527;0
05_npp_25.in;949;0.03;949;0
05_npp_25.in;961;0.033;961;0
05_npp_25.in;1933;0.03;1933;0
05_npp_25.in;801;0.03;801;0
05_npp_25.in;9695;0.029;9695;0
05_npp_25.in;579;0.03;579;0
05_npp_25.in;1097;0.03;1097;0
05_npp_25.in;2207;0.03;2207;0
05_npp_25.in;1743;0.03;1743;0
05_npp_25.in;4255;0.032;4255;0
05_npp_25.in;607;0.03;607;0
05_npp_25.in;1519;0.03;1519;0
05_npp_25.in;11573;0.029;11573;0
05_npp_25.in;1981;0.03;1981;0
05_npp_25.in;1355;0.03;1355;0
05_npp_25.in;5203;0.03;5203;0
05_npp_25.in;9083;0.031;9083;0
05_npp_25.in;2445;0.031;2445;0.001
05_npp_25.in;4647;0.031;4647;0
05_npp_25.in;14537;0.031;14537;0
05_npp_25.in;1473;0.03;1473;0
05_npp_25.in;4827;0.029;4827;0
05_npp_25.in;9513;0.03;9513;0
05_npp_25.in;1507;0.032;1507;0
05_npp_25.in;20563;0.03;20563;0
05_npp_25.in;345;0.03;345;0
05_npp_25.in;15029;0.031;15029;0
11_npp_100.in;592;0.045;592;0
11_npp_100.in;6;0.044;6;0
11_npp_100.in;210;0.044;210;0
11_npp_100.in;244;0.044;244;0
11_npp_100.in;316;0.045;316;0
11_npp_100.in;224;0.046;224;0
11_npp_100.in;466;0.045;466;0
11_npp_100.in;962;0.044;962;0
11_npp_100.in;352;0.044;352;0
11_npp_100.in;42;0.045;42;0
11_npp_100.in;1278;0.047;1278;0
11_npp_100.in;1194;0.045;1194;0
11_npp_100.in;2326;0.043;2326;0
11_npp_100.in;378;0.044;378;0
11_npp_100.in;284;0.044;284;0
11_npp_100.in;170;0.047;170;0
11_npp_100.in;128;0.045;128;0
11_npp_100.in;632;0.044;632;0
11_npp_100.in;490;0.044;490;0
11_npp_100.in;368;0.046;368;0
11_npp_100.in;142;0.044;142;0
11_npp_100.in;46;0.046;46;0
11_npp_100.in;1502;0.044;1502;0
11_npp_100.in;454;0.044;454;0
11_npp_100.in;296;0.044;296;0
11_npp_100.in;420;0.044;420;0
11_npp_100.in;1082;0.046;1082;0
11_npp_100.in;368;0.045;368;0
11_npp_100.in;410;0.044;410;0
11_npp_100.in;30;0.044;30;0
20_npp_1000.in;1;0.199;1;0.002
20_npp_1000.in;21;0.199;21;0.001
20_npp_1000.in;31;0.197;31;0.001
20_npp_1000.in;5;0.197;5;0.001
20_npp_1000.in;3;0.198;3;0.001
20_npp_1000.in;1;0.198;1;0.001
20_npp_1000.in;3;0.197;3;0.001
20_npp_1000.in;9;0.199;9;0.001
20_npp_1000.in;23;0.197;23;0.002
20_npp_1000.in;1;0.2;1;0.002
20_npp_1000.in;25;0.199;25;0.001
20_npp_1000.in;1;0.195;1;0.002
20_npp_1000.in;31;0.206;31;0.001
20_npp_1000.in;7;0.197;7;0.001
20_npp_1000.in;7;0.199;7;0.001
20_npp_1000.in;1;0.205;1;0.002
20_npp_1000.in;5;0.197;5;0.002
20_npp_1000.in;3;0.199;3;0.001
20_npp_1000.in;31;0.195;31;0.001
20_npp_1000.in;5;0.199;5;0.001
20_npp_1000.in;45;0.198;45;0.002
20_npp_1000.in;5;0.199;5;0.002
20_npp_1000.in;17;0.2;17;0.001
20_npp_1000.in;3;0.195;3;0.001
20_npp_1000.in;7;0.198;7;0.002
20_npp_1000.in;9;0.199;9;0.002
20_npp_1000.in;5;0.201;5;0.001
20_npp_1000.in;5;0.2;5;0.002
20_npp_1000.in;7;0.196;7;0.001
20_npp_1000.in;15;0.198;15;0.001
35_npp_5000.in;9;2.26;9;0.12
35_npp_5000.in;13;2.225;13;0.11
35_npp_5000.in;9;2.245;9;0.128
35_npp_5000.in;7;2.304;7;0.114
35_npp_5000.in;13;2.247;13;0.118
35_npp_5000.in;5;2.236;5;0.11
35_npp_5000.in;7;2.271;7;0.121
35_npp_5000.in;13;2.221;13;0.109
35_npp_5000.in;15;2.246;15;0.122
35_npp_5000.in;3;2.285;3;0.113
35_npp_5000.in;5;2.271;5;0.116
35_npp_5000.in;3;2.266;3;0.113
35_npp_5000.in;9;2.217;9;0.109
35_npp_5000.in;9;2.25;9;0.115
35_npp_5000.in;3;2.281;3;0.113
35_npp_5000.in;5;2.29;5;0.118
35_npp_5000.in;5;2.248;5;0.116
35_npp_5000.in;1;2.233;1;0.113
35_npp_5000.in;3;2.232;3;0.11
35_npp_5000.in;3;2.254;3;0.117
35_npp_5000.in;11;2.236;11;0.111
35_npp_5000.in;3;2.245;3;0.119
35_npp_5000.in;1;2.295;1;0.113
35_npp_5000.in;3;2.286;3;0.115
35_npp_5000.in;53;2.278;53;0.111
35_npp_5000.in;1;2.219;1;0.114
35_npp_5000.in;5;2.247;5;0.111
35_npp_5000.in;7;2.205;7;0.112
35_npp_5000.in;1;2.297;1;0.109
35_npp_5000.in;3;2.255;3;0.116
17_npp_500.in;48;0.117;48;0
17_npp_500.in;232;0.118;232;0
17_npp_500.in;202;0.116;202;0
17_npp_500.in;204;0.114;204;0
17_npp_500.in;112;0.119;112;0
17_npp_500.in;6;0.114;6;0
17_npp_500.in;78;0.115;78;0
17_npp_500.in;656;0.113;656;0
17_npp_500.in;96;0.117;96;0
17_npp_500.in;232;0.114;232;0
17_npp_500.in;92;0.118;92;0
17_npp_500.in;10;0.113;10;0
17_npp_500.in;172;0.115;172;0
17_npp_500.in;72;0.113;72;0
17_npp_500.in;390;0.116;390;0
17_npp_500.in;192;0.116;192;0
17_npp_500.in;4;0.115;4;0
17_npp_500.in;42;0.115;42;0
17_npp_500.in;298;0.115;298;0.001
17_npp_500.in;318;0.116;318;0
17_npp_500.in;58;0.113;58;0
17_npp_500.in;58;0.116;58;0
17_npp_500.in;346;0.115;346;0
17_npp_500.in;280;0.115;280;0
17_npp_500.in;174;0.115;174;0
17_npp_500.in;108;0.117;108;0
17_npp_500.in;250;0.114;250;0
17_npp_500.in;166;0.118;166;0
17_npp_500.in;274;0.116;274;0
17_npp_500.in;118;0.119;118;0
07_npp_50.in;3289;0.04;3289;0
07_npp_50.in;5277;0.039;5277;0
07_npp_50.in;3985;0.04;3985;0
07_npp_50.in;4313;0.04;4313;0
07_npp_50.in;3611;0.042;3611;0
07_npp_50.in;3825;0.042;3825;0
07_npp_50.in;2933;0.04;2933;0
07_npp_50.in;701;0.042;701;0
07_npp_50.in;2077;0.04;2077;0
07_npp_50.in;1545;0.04;1545;0
07_npp_50.in;2945;0.042;2945;0
07_npp_50.in;2795;0.049;2795;0
07_npp_50.in;2825;0.041;2825;0
07_npp_50.in;4479;0.043;4479;0
07_npp_50.in;4841;0.04;4841;0
07_npp_50.in;4399;0.04;4399;0
07_npp_50.in;4047;0.042;4047;0
07_npp_50.in;1491;0.042;1491;0
07_npp_50.in;4745;0.039;4745;0
07_npp_50.in;3775;0.039;3775;0
07_npp_50.in;2377;0.039;2377;0
07_npp_50.in;2873;0.04;2873;0
07_npp_50.in;1581;0.04;1581;0.001
07_npp_50.in;3645;0.041;3645;0
07_npp_50.in;2811;0.039;2811;0
07_npp_50.in;1603;0.039;1603;0
07_npp_50.in;701;0.038;701;0
07_npp_50.in;1445;0.04;1445;0
07_npp_50.in;4507;0.039;4507;0
07_npp_50.in;3377;0.042;3377;0
37_npp_10000.in;11;5.212;11;0.538
37_npp_10000.in;15;5.178;15;0.525
37_npp_10000.in;7;5.168;7;0.533
37_npp_10000.in;15;5.17;15;0.6
37_npp_10000.in;7;5.14;7;0.525
37_npp_10000.in;19;5.105;19;0.524
37_npp_10000.in;13;5.176;13;0.524
37_npp_10000.in;17;5.081;17;0.523
37_npp_10000.in;9;5.178;9;0.527
37_npp_10000.in;3;5.244;3;0.523
37_npp_10000.in;5;5.172;5;0.523
37_npp_10000.in;9;5.105;9;0.515
37_npp_10000.in;21;5.182;21;0.528
37_npp_10000.in;3;5.107;3;0.515
37_npp_10000.in;13;5.199;13;0.522
37_npp_10000.in;3;5.075;3;0.513
37_npp_10000.in;7;5.19;7;0.527
37_npp_10000.in;15;5.209;15;0.524
37_npp_10000.in;3;5.185;3;0.526
37_npp_10000.in;9;5.201;9;0.576
37_npp_10000.in;11;5.222;11;0.532
37_npp_10000.in;13;5.09;13;0.522
37_npp_10000.in;7;5.135;7;0.524
37_npp_10000.in;9;5.084;9;0.518
37_npp_10000.in;1;5.12;1;0.519
37_npp_10000.in;5;5.176;5;0.519
37_npp_10000.in;11;5.133;11;0.523
37_npp_10000.in;21;5.076;21;0.522
37_npp_10000.in;25;5.199;25;0.525
37_npp_10000.in;15;5.14;15;0.519
16_npp_500.in;34;0.117;34;0
16_npp_500.in;26;0.111;26;0.001
16_npp_500.in;24;0.114;24;0.001
16_npp_500.in;18;0.114;18;0
16_npp_500.in;0;0.113;0;0
16_npp_500.in;42;0.114;42;0.001
16_npp_500.in;20;0.119;20;0
16_npp_500.in;20;0.12;20;0
16_npp_500.in;14;0.116;14;0
16_npp_500.in;24;0.118;24;0
16_npp_500.in;144;0.115;144;0.001
16_npp_500.in;10;0.117;10;0
16_npp_500.in;14;0.114;14;0.001
16_npp_500.in;16;0.117;16;0
16_npp_500.in;24;0.113;24;0
16_npp_500.in;26;0.118;26;0
16_npp_500.in;4;0.116;4;0
16_npp_500.in;2;0.115;2;0
16_npp_500.in;2;0.116;2;0
16_npp_500.in;6;0.117;6;0
16_npp_500.in;24;0.116;24;0
16_npp_500.in;22;0.116;22;0
16_npp_500.in;94;0.116;94;0.001
16_npp_500.in;18;0.115;18;0
16_npp_500.in;10;0.117;10;0
16_npp_500.in;12;0.115;12;0
16_npp_500.in;10;0.117;10;0
16_npp_500.in;16;0.114;16;0.001
16_npp_500.in;28;0.13;28;0
16_npp_500.in;2;0.118;2;0
28_npp_1500.in;5;0.301;5;0.004
28_npp_1500.in;5;0.286;5;0.004
28_npp_1500.in;13;0.281;13;0.004
28_npp_1500.in;89;0.282;89;0.004
28_npp_1500.in;17;0.287;17;0.004
28_npp_1500.in;17;0.279;17;0.004
28_npp_1500.in;7;0.28;7;0.004
28_npp_1500.in;15;0.28;15;0.004
28_npp_1500.in;23;0.278;23;0.004
28_npp_1500.in;89;0.28;89;0.007
28_npp_1500.in;11;0.279;11;0.004
28_npp_1500.in;11;0.288;11;0.003
28_npp_1500.in;1;0.298;1;0.007
28_npp_1500.in;7;0.296;7;0.006
28_npp_1500.in;5;0.295;5;0.004
28_npp_1500.in;21;0.299;21;0.004
28_npp_1500.in;11;0.298;11;0.004
28_npp_1500.in;5;0.298;5;0.005
28_npp_1500.in;1;0.287;1;0.004
28_npp_1500.in;45;0.288;45;0.004
28_npp_1500.in;7;0.286;7;0.008
28_npp_1500.in;17;0.287;17;0.004
28_npp_1500.in;13;0.29;13;0.004
28_npp_1500.in;93;0.292;93;0.009
28_npp_1500.in;17;0.296;17;0.004
28_npp_1500.in;11;0.287;11;0.004
28_npp_1500.in;37;0.282;37;0.004
28_npp_1500.in;7;0.283;7;0.004
28_npp_1500.in;9;0.282;9;0.004
28_npp_1500.in;49;0.285;49;0.004
19_npp_1000.in;7;0.209;7;0.002
19_npp_1000.in;13;0.221;13;0.001
19_npp_1000.in;55;0.202;55;0.001
19_npp_1000.in;11;0.201;11;0.001
19_npp_1000.in;73;0.198;73;0.001
19_npp_1000.in;53;0.196;53;0.001
19_npp_1000.in;73;0.196;73;0.001
19_npp_1000.in;21;0.2;21;0.001
19_npp_1000.in;79;0.197;79;0.002
19_npp_1000.in;65;0.199;65;0.002
19_npp_1000.in;99;0.197;99;0.001
19_npp_1000.in;59;0.2;59;0.001
19_npp_1000.in;5;0.203;5;0.002
19_npp_1000.in;77;0.199;77;0.001
19_npp_1000.in;19;0.198;19;0.002
19_npp_1000.in;49;0.194;49;0.001
19_npp_1000.in;45;0.2;45;0.001
19_npp_1000.in;7;0.199;7;0.001
19_npp_1000.in;15;0.201;15;0.002
19_npp_1000.in;1;0.199;1;0.001
19_npp_1000.in;167;0.2;167;0.001
19_npp_1000.in;119;0.201;119;0.001
19_npp_1000.in;11;0.2;11;0.001
19_npp_1000.in;11;0.2;11;0.001
19_npp_1000.in;31;0.2;31;0.001
19_npp_1000.in;135;0.199;135;0.001
19_npp_1000.in;21;0.199;21;0.003
19_npp_1000.in;47;0.199;47;0.001
19_npp_1000.in;19;0.198;19;0.002
19_npp_1000.in;35;0.197;35;0.001
24_npp_1250.in;33;0.244;33;0.002
24_npp_1250.in;95;0.239;95;0.002
24_npp_1250.in;1;0.237;1;0.002
24_npp_1250.in;107;0.239;107;0.002
24_npp_1250.in;1;0.242;1;0.002
24_npp_1250.in;35;0.242;35;0.002
24_npp_1250.in;17;0.237;17;0.002
24_npp_1250.in;101;0.236;101;0.005
24_npp_1250.in;59;0.241;59;0.002
24_npp_1250.in;35;0.24;35;0.002
24_npp_1250.in;87;0.241;87;0.003
24_npp_1250.in;57;0.246;57;0.005
24_npp_1250.in;59;0.248;59;0.002
24_npp_1250.in;103;0.242;103;0.002
24_npp_1250.in;61;0.237;61;0.002
24_npp_1250.in;11;0.237;11;0.002
24_npp_1250.in;3;0.234;3;0.002
24_npp_1250.in;81;0.249;81;0.002
24_npp_1250.in;17;0.238;17;0.007
24_npp_1250.in;97;0.242;97;0.003
24_npp_1250.in;65;0.236;65;0.007
24_npp_1250.in;49;0.244;49;0.005
24_npp_1250.in;121;0.238;121;0.004
24_npp_1250.in;19;0.237;19;0.002
24_npp_1250.in;23;0.237;23;0.002
24_npp_1250.in;111;0.24;111;0.002
24_npp_1250.in;21;0.236;21;0.002
24_npp_1250.in;1;0.239;1;0.002
24_npp_1250.in;35;0.236;35;0.002
24_npp_1250.in;1;0.239;1;0.005
18_npp_1000.in;36;0.2;36;0.002
18_npp_1000.in;40;0.2;40;0.002
18_npp_1000.in;8;0.202;8;0.001
18_npp_1000.in;18;0.199;18;0.003
18_npp_1000.in;10;0.199;10;0.003
18_npp_1000.in;4;0.2;4;0.001
18_npp_1000.in;26;0.197;26;0.001
18_npp_1000.in;112;0.2;112;0.002
18_npp_1000.in;62;0.196;62;0.001
18_npp_1000.in;32;0.199;32;0.001
18_npp_1000.in;78;0.202;78;0.002
18_npp_1000.in;74;0.198;74;0.002
18_npp_1000.in;0;0.195;0;0.001
18_npp_1000.in;30;0.199;30;0.001
18_npp_1000.in;34;0.201;34;0.001
18_npp_1000.in;102;0.204;102;0.001
18_npp_1000.in;72;0.199;72;0.001
18_npp_1000.in;58;0.198;58;0.002
18_npp_1000.in;18;0.198;18;0.001
18_npp_1000.in;66;0.199;66;0.001
18_npp_1000.in;2;0.201;2;0.001
18_npp_1000.in;8;0.198;8;0.002
18_npp_1000.in;8;0.199;8;0.001
18_npp_1000.in;62;0.198;62;0.001
18_npp_1000.in;2;0.198;2;0.002
18_npp_1000.in;22;0.211;22;0.002
18_npp_1000.in;4;0.2;4;0.002
18_npp_1000.in;50;0.204;50;0.001
18_npp_1000.in;106;0.21;106;0.002
18_npp_1000.in;28;0.21;28;0.001
10_npp_100.in;1132;0.047;1132;0
10_npp_100.in;1912;0.046;1912;0
10_npp_100.in;2378;0.047;2378;0
10_npp_100.in;1048;0.046;1048;0
10_npp_100.in;1438;0.048;1438;0
10_npp_100.in;608;0.046;608;0
10_npp_100.in;836;0.046;836;0
10_npp_100.in;306;0.048;306;0
10_npp_100.in;6;0.047;6;0
10_npp_100.in;1344;0.048;1344;0
10_npp_100.in;174;0.046;174;0
10_npp_100.in;324;0.047;324;0
10_npp_100.in;1054;0.046;1054;0
10_npp_100.in;462;0.045;462;0
10_npp_100.in;270;0.049;270;0
10_npp_100.in;134;0.046;134;0
10_npp_100.in;1862;0.045;1862;0
10_npp_100.in;930;0.046;930;0
10_npp_100.in;424;0.046;424;0
10_npp_100.in;1132;0.044;1132;0
10_npp_100.in;340;0.047;340;0
10_npp_100.in;150;0.047;150;0.001
10_npp_100.in;282;0.047;282;0
10_npp_100.in;52;0.047;52;0
10_npp_100.in;32;0.045;32;0
10_npp_100.in;404;0.047;404;0
10_npp_100.in;2060;0.046;2060;0
10_npp_100.in;1040;0.044;1040;0
10_npp_100.in;512;0.048;512;0
10_npp_100.in;1378;0.048;1378;0.014
22_npp_1100.in;32;0.246;32;0.002
22_npp_1100.in;34;0.254;34;0.011
22_npp_1100.in;440;0.36;440;0.004
22_npp_1100.in;22;0.265;22;0.004
22_npp_1100.in;34;0.218;34;0.002
22_npp_1100.in;6;0.226;6;0.002
22_npp_1100.in;26;0.241;26;0.002
22_npp_1100.in;174;0.238;174;0.002
22_npp_1100.in;14;0.236;14;0.002
22_npp_1100.in;6;0.237;6;0.002
22_npp_1100.in;4;0.216;4;0.002
22_npp_1100.in;52;0.206;52;0.002
22_npp_1100.in;62;0.208;62;0.002
22_npp_1100.in;100;0.208;100;0.002
22_npp_1100.in;72;0.212;72;0.002
22_npp_1100.in;166;0.206;166;0.002
22_npp_1100.in;156;0.209;156;0.002
22_npp_1100.in;74;0.204;74;0.006
22_npp_1100.in;68;0.214;68;0.004
22_npp_1100.in;48;0.209;48;0.002
22_npp_1100.in;60;0.206;60;0.002
22_npp_1100.in;38;0.205;38;0.002
22_npp_1100.in;2;0.21;2;0.002
22_npp_1100.in;12;0.211;12;0.002
22_npp_1100.in;62;0.206;62;0.002
22_npp_1100.in;48;0.208;48;0.002
22_npp_1100.in;50;0.207;50;0.002
22_npp_1100.in;40;0.209;40;0.002
22_npp_1100.in;2;0.213;2;0.002
22_npp_1100.in;150;0.207;150;0.002
06_npp_50.in;2662;0.04;2662;0
06_npp_50.in;1458;0.039;1458;0
06_npp_50.in;1790;0.041;1790;0
06_npp_50.in;4684;0.042;4684;0
06_npp_50.in;12424;0.043;12424;0.001
06_npp_50.in;2194;0.041;2194;0
06_npp_50.in;202;0.042;202;0
06_npp_50.in;2270;0.042;2270;0
06_npp_50.in;1250;0.042;1250;0
06_npp_50.in;2292;0.042;2292;0
06_npp_50.in;9656;0.043;9656;0
06_npp_50.in;860;0.042;860;0
06_npp_50.in;2312;0.042;2312;0
06_npp_50.in;1404;0.042;1404;0
06_npp_50.in;2038;0.043;2038;0
06_npp_50.in;1460;0.042;1460;0
06_npp_50.in;8262;0.043;8262;0
06_npp_50.in;2900;0.043;2900;0
06_npp_50.in;44;0.042;44;0
06_npp_50.in;1318;0.041;1318;0
06_npp_50.in;684;0.041;684;0
06_npp_50.in;3806;0.041;3806;0
06_npp_50.in;2780;0.043;2780;0
06_npp_50.in;5954;0.043;5954;0
06_npp_50.in;528;0.042;528;0
06_npp_50.in;876;0.042;876;0
06_npp_50.in;1072;0.042;1072;0
06_npp_50.in;4032;0.043;4032;0
06_npp_50.in;1512;0.043;1512;0
06_npp_50.in;334;0.042;334;0
21_npp_1100.in;29;0.216;29;0.002
21_npp_1100.in;31;0.213;31;0.002
21_npp_1100.in;9;0.217;9;0.002
21_npp_1100.in;11;0.214;11;0.002
21_npp_1100.in;47;0.213;47;0.002
21_npp_1100.in;121;0.215;121;0.002
21_npp_1100.in;27;0.217;27;0.002
21_npp_1100.in;109;0.23;109;0.002
21_npp_1100.in;45;0.231;45;0.002
21_npp_1100.in;179;0.226;179;0.002
21_npp_1100.in;215;0.218;215;0.002
21_npp_1100.in;111;0.222;111;0.005
21_npp_1100.in;269;0.223;269;0.002
21_npp_1100.in;69;0.22;69;0.002
21_npp_1100.in;249;0.22;249;0.002
21_npp_1100.in;43;0.212;43;0.002
21_npp_1100.in;129;0.208;129;0.002
21_npp_1100.in;81;0.206;81;0.002
21_npp_1100.in;11;0.206;11;0.002
21_npp_1100.in;125;0.208;125;0.002
21_npp_1100.in;51;0.209;51;0.002
21_npp_1100.in;185;0.21;185;0.002
21_npp_1100.in;111;0.222;111;0.002
21_npp_1100.in;5;0.245;5;0.007
21_npp_1100.in;169;0.235;169;0.003
21_npp_1100.in;195;0.221;195;0.003
21_npp_1100.in;171;0.228;171;0.005
21_npp_1100.in;85;0.231;85;0.002
21_npp_1100.in;49;0.218;49;0.002
21_npp_1100.in;27;0.209;27;0.002
13_npp_250.in;30;0.076;30;0
13_npp_250.in;46;0.073;46;0
13_npp_250.in;118;0.076;118;0
13_npp_250.in;106;0.076;106;0
13_npp_250.in;286;0.085;286;0
13_npp_250.in;62;0.087;62;0
13_npp_250.in;1598;0.087;1598;0
13_npp_250.in;10;0.087;10;0.012
13_npp_250.in;936;0.079;936;0
13_npp_250.in;38;0.076;38;0
13_npp_250.in;180;0.076;180;0
13_npp_250.in;122;0.075;122;0
13_npp_250.in;20;0.078;20;0
13_npp_250.in;36;0.082;36;0.008
13_npp_250.in;10;0.081;10;0
13_npp_250.in;36;0.08;36;0
13_npp_250.in;22;0.079;22;0
13_npp_250.in;66;0.078;66;0
13_npp_250.in;176;0.074;176;0
13_npp_250.in;818;0.079;818;0.001
13_npp_250.in;62;0.082;62;0
13_npp_250.in;138;0.08;138;0
13_npp_250.in;116;0.082;116;0.022
13_npp_250.in;304;0.084;304;0
13_npp_250.in;212;0.077;212;0
13_npp_250.in;96;0.075;96;0
13_npp_250.in;22;0.075;22;0
13_npp_250.in;1504;0.075;1504;0
13_npp_250.in;552;0.076;552;0
13_npp_250.in;50;0.075;50;0
14_npp_250.in;368;0.079;368;0
14_npp_250.in;94;0.087;94;0.001
14_npp_250.in;178;0.087;178;0
14_npp_250.in;586;0.082;586;0
14_npp_250.in;110;0.08;110;0
14_npp_250.in;704;0.083;704;0
14_npp_250.in;62;0.085;62;0
14_npp_250.in;1074;0.086;1074;0.001
14_npp_250.in;796;0.087;796;0
14_npp_250.in;970;0.086;970;0
14_npp_250.in;110;0.087;110;0.003
14_npp_250.in;62;0.087;62;0
14_npp_250.in;584;0.087;584;0
14_npp_250.in;68;0.087;68;0
14_npp_250.in;536;0.087;536;0
14_npp_250.in;14;0.083;14;0
14_npp_250.in;282;0.082;282;0
14_npp_250.in;630;0.081;630;0
14_npp_250.in;1270;0.082;1270;0
14_npp_250.in;112;0.081;112;0
14_npp_250.in;632;0.075;632;0
14_npp_250.in;14;0.078;14;0
14_npp_250.in;150;0.08;150;0
14_npp_250.in;32;0.079;32;0
14_npp_250.in;200;0.079;200;0.002
14_npp_250.in;10;0.102;10;0
14_npp_250.in;702;0.083;702;0
14_npp_250.in;36;0.081;36;0.003
14_npp_250.in;1038;0.087;1038;0.007
14_npp_250.in;760;0.091;760;0
36_npp_10000.in;9;5.626;9;0.561
36_npp_10000.in;3;5.347;3;0.57
36_npp_10000.in;1;5.324;1;0.552
36_npp_10000.in;1;5.265;1;1.561
36_npp_10000.in;1;5.34;1;0.556
36_npp_10000.in;5;5.166;5;0.51
36_npp_10000.in;1;5.073;1;1.078
36_npp_10000.in;3;4.97;3;0.508
36_npp_10000.in;11;5.112;11;0.51
36_npp_10000.in;3;5.142;3;0.543
36_npp_10000.in;3;5.431;3;0.533
36_npp_10000.in;3;5.269;3;0.538
36_npp_10000.in;7;5.303;7;0.51
36_npp_10000.in;1;5.01;1;0.511
36_npp_10000.in;1;4.952;1;0.509
36_npp_10000.in;3;5.01;3;0.514
36_npp_10000.in;1;4.995;1;0.507
36_npp_10000.in;23;5.026;23;1.508
36_npp_10000.in;3;5.016;3;0.509
36_npp_10000.in;1;5.038;1;0.514
36_npp_10000.in;1;4.992;1;0.511
36_npp_10000.in;1;5.031;1;0.517
36_npp_10000.in;43;5.024;43;0.54
36_npp_10000.in;13;4.972;13;0.505
36_npp_10000.in;3;5.299;3;1.037
36_npp_10000.in;1;5.168;1;0.518
36_npp_10000.in;3;5.135;3;0.535
36_npp_10000.in;1;5.185;1;1.15
36_npp_10000.in;9;5.196;9;0.535
36_npp_10000.in;7;5.148;7;0.581
25_npp_1250.in;27;0.245;27;0.002
25_npp_1250.in;19;0.244;19;0.002
25_npp_1250.in;61;0.246;61;0.003
25_npp_1250.in;11;0.241;11;0.003
25_npp_1250.in;33;0.24;33;0.003
25_npp_1250.in;77;0.243;77;0.002
25_npp_1250.in;83;0.243;83;0.002
25_npp_1250.in;21;0.239;21;0.003
25_npp_1250.in;9;0.241;9;0.003
25_npp_1250.in;45;0.243;45;0.002
25_npp_1250.in;41;0.243;41;0.002
25_npp_1250.in;119;0.243;119;0.003
25_npp_1250.in;149;0.242;149;0.003
25_npp_1250.in;11;0.249;11;0.003
25_npp_1250.in;25;0.245;25;0.002
25_npp_1250.in;3;0.241;3;0.002
25_npp_1250.in;23;0.241;23;0.002
25_npp_1250.in;13;0.244;13;0.003
25_npp_1250.in;9;0.247;9;0.01
25_npp_1250.in;83;0.24;83;0.002
25_npp_1250.in;39;0.243;39;0.002
25_npp_1250.in;109;0.248;109;0.002
25_npp_1250.in;105;0.248;105;0.002
25_npp_1250.in;145;0.243;145;0.002
25_npp_1250.in;71;0.246;71;0.003
25_npp_1250.in;85;0.245;85;0.002
25_npp_1250.in;145;0.235;145;0.002
25_npp_1250.in;117;0.233;117;0.002
25_npp_1250.in;133;0.24;133;0.002
25_npp_1250.in;27;0.247;27;0.003
33_npp_5000.in;43;2.313;43;0.114
33_npp_5000.in;51;2.257;51;0.127
33_npp_5000.in;7;2.268;7;0.109
33_npp_5000.in;25;2.239;25;0.114
33_npp_5000.in;11;2.242;11;0.124
33_npp_5000.in;51;2.235;51;0.109
33_npp_5000.in;1;2.338;1;0.113
33_npp_5000.in;9;2.25;9;0.226
33_npp_5000.in;51;2.357;51;0.121
33_npp_5000.in;47;2.185;47;0.11
33_npp_5000.in;13;2.175;13;0.11
33_npp_5000.in;1;2.199;1;0.11
33_npp_5000.in;7;2.217;7;0.223
33_npp_5000.in;5;2.247;5;0.111
33_npp_5000.in;21;2.189;21;0.11
33_npp_5000.in;13;2.189;13;0.111
33_npp_5000.in;5;2.228;5;0.335
33_npp_5000.in;9;2.399;9;0.136
33_npp_5000.in;29;2.388;29;0.113
33_npp_5000.in;111;2.319;111;0.114
33_npp_5000.in;15;2.473;15;0.111
33_npp_5000.in;3;2.369;3;0.112
33_npp_5000.in;23;2.399;23;0.112
33_npp_5000.in;23;2.383;23;0.114
33_npp_5000.in;15;2.401;15;0.116
33_npp_5000.in;3;2.345;3;0.113
33_npp_5000.in;5;2.423;5;0.112
33_npp_5000.in;51;2.391;51;0.116
33_npp_5000.in;7;2.437;7;0.113
33_npp_5000.in;19;2.481;19;0.117
09_npp_100.in;272;0.046;272;0
09_npp_100.in;194;0.047;194;0
09_npp_100.in;10;0.047;10;0
09_npp_100.in;76;0.048;76;0
09_npp_100.in;228;0.046;228;0
09_npp_100.in;102;0.043;102;0
09_npp_100.in;76;0.044;76;0
09_npp_100.in;8;0.043;8;0
09_npp_100.in;4;0.043;4;0
09_npp_100.in;26;0.042;26;0
09_npp_100.in;110;0.042;110;0
09_npp_100.in;152;0.044;152;0
09_npp_100.in;94;0.043;94;0
09_npp_100.in;116;0.044;116;0
09_npp_100.in;4;0.043;4;0
09_npp_100.in;114;0.044;114;0
09_npp_100.in;266;0.043;266;0
09_npp_100.in;140;0.044;140;0
09_npp_100.in;350;0.044;350;0
09_npp_100.in;118;0.044;118;0
09_npp_100.in;94;0.044;94;0
09_npp_100.in;222;0.043;222;0
09_npp_100.in;168;0.044;168;0
09_npp_100.in;24;0.043;24;0
09_npp_100.in;122;0.044;122;0
09_npp_100.in;170;0.043;170;0
09_npp_100.in;30;0.044;30;0
09_npp_100.in;566;0.043;566;0
09_npp_100.in;68;0.043;68;0
09_npp_100.in;194;0.044;194;0
02_npp_10.in;9360;0.024;9360;0
02_npp_10.in;6820;0.024;6820;0
02_npp_10.in;2756;0.025;2756;0
02_npp_10.in;12208;0.025;12208;0
02_npp_10.in;2618;0.024;2618;0
02_npp_10.in;234;0.024;234;0
02_npp_10.in;2132;0.026;2132;0
02_npp_10.in;2132;0.025;2132;0
02_npp_10.in;2132;0.025;2132;0
02_npp_10.in;4512;0.025;4512;0
02_npp_10.in;1994;0.025;1994;0
02_npp_10.in;6820;0.025;6820;0
02_npp_10.in;2912;0.024;2912;0
02_npp_10.in;2132;0.025;2132;0
02_npp_10.in;26080;0.025;26080;0
02_npp_10.in;3888;0.025;3888;0
02_npp_10.in;7052;0.024;7052;0
02_npp_10.in;2618;0.024;2618;0
02_npp_10.in;2756;0.025;2756;0
02_npp_10.in;2618;0.025;2618;0
02_npp_10.in;7622;0.024;7622;0
02_npp_10.in;4512;0.025;4512;0
02_npp_10.in;6820;0.025;6820;0
02_npp_10.in;6820;0.026;6820;0
02_npp_10.in;12208;0.025;12208;0
02_npp_10.in;7484;0.025;7484;0
02_npp_10.in;2618;0.025;2618;0
02_npp_10.in;6820;0.024;6820;0
02_npp_10.in;9360;0.024;9360;0
02_npp_10.in;9360;0.025;9360;0
00_npp_10.in;6209;0.025;6209;0
00_npp_10.in;24995;0.025;24995;0
00_npp_10.in;18019;0.024;18019;0
00_npp_10.in;7101;0.025;7101;0
00_npp_10.in;9645;0.025;9645;0
00_npp_10.in;24995;0.024;24995;0
00_npp_10.in;15471;0.024;15471;0
00_npp_10.in;715;0.025;715;0
00_npp_10.in;309;0.024;309;0
00_npp_10.in;46141;0.024;46141;0
00_npp_10.in;9645;0.024;9645;0
00_npp_10.in;15471;0.025;15471;0
00_npp_10.in;23003;0.025;23003;0
00_npp_10.in;36633;0.024;36633;0
00_npp_10.in;13025;0.024;13025;0
00_npp_10.in;10309;0.024;10309;0
00_npp_10.in;12263;0.025;12263;0
00_npp_10.in;39497;0.024;39497;0
00_npp_10.in;4655;0.024;4655;0
00_npp_10.in;46141;0.024;46141;0
00_npp_10.in;6381;0.024;6381;0
00_npp_10.in;24663;0.024;24663;0
00_npp_10.in;27109;0.024;27109;0
00_npp_10.in;21787;0.025;21787;0
00_npp_10.in;2239;0.024;2239;0
00_npp_10.in;30157;0.025;30157;0
00_npp_10.in;24995;0.024;24995;0
00_npp_10.in;9399;0.025;9399;0
00_npp_10.in;30157;0.025;30157;0
00_npp_10.in;10309;0.024;10309;0
32_npp_2000.in;20;0.36;20;0.007
32_npp_2000.in;0;0.351;0;0.007
32_npp_2000.in;10;0.353;10;0.007
32_npp_2000.in;4;0.353;4;0.015
32_npp_2000.in;0;0.349;0;0.007
32_npp_2000.in;42;0.358;42;0.007
32_npp_2000.in;20;0.357;20;0.007
32_npp_2000.in;2;0.358;2;0.007
32_npp_2000.in;2;0.352;2;0.015
32_npp_2000.in;4;0.356;4;0.007
32_npp_2000.in;86;0.348;86;0.007
32_npp_2000.in;4;0.344;4;0.013
32_npp_2000.in;12;0.348;12;0.007
32_npp_2000.in;62;0.361;62;0.007
32_npp_2000.in;14;0.348;14;0.007
32_npp_2000.in;20;0.356;20;0.007
32_npp_2000.in;2;0.353;2;0.007
32_npp_2000.in;8;0.352;8;0.007
32_npp_2000.in;0;0.353;0;0.007
32_npp_2000.in;38;0.352;38;0.006
32_npp_2000.in;6;0.351;6;0.014
32_npp_2000.in;14;0.352;14;0.013
32_npp_2000.in;2;0.352;2;0.016
32_npp_2000.in;18;0.366;18;0.007
32_npp_2000.in;78;0.368;78;0.014
32_npp_2000.in;8;0.365;8;0.014
32_npp_2000.in;0;0.373;0;0.007
32_npp_2000.in;26;0.357;26;0.007
32_npp_2000.in;18;0.379;18;0.007
32_npp_2000.in;6;0.39;6;0.008
03_npp_25.in;480;0.032;480;0.009
03_npp_25.in;9922;0.032;9922;0
03_npp_25.in;17000;0.035;17000;0
03_npp_25.in;3390;0.035;3390;0.002
03_npp_25.in;308;0.036;308;0
03_npp_25.in;3748;0.035;3748;0
03_npp_25.in;696;0.035;696;0
03_npp_25.in;22980;0.034;22980;0
03_npp_25.in;6972;0.034;6972;0
03_npp_25.in;1050;0.032;1050;0
03_npp_25.in;4198;0.032;4198;0
03_npp_25.in;4818;0.033;4818;0
03_npp_25.in;836;0.033;836;0
03_npp_25.in;10032;0.033;10032;0
03_npp_25.in;6360;0.034;6360;0.008
03_npp_25.in;1618;0.033;1618;0
03_npp_25.in;5168;0.034;5168;0
03_npp_25.in;2596;0.036;2596;0
03_npp_25.in;5738;0.035;5738;0
03_npp_25.in;3338;0.034;3338;0
03_npp_25.in;8614;0.033;8614;0
03_npp_25.in;5214;0.033;5214;0
03_npp_25.in;5230;0.033;5230;0
03_npp_25.in;1810;0.034;1810;0
03_npp_25.in;7986;0.033;7986;0
03_npp_25.in;6488;0.033;6488;0
03_npp_25.in;6802;0.033;6802;0
03_npp_25.in;10456;0.034;10456;0
03_npp_25.in;5336;0.033;5336;0
03_npp_25.in;42;0.034;42;0
26_npp_1250.in;119;0.236;119;0.006
26_npp_1250.in;27;0.258;27;0.003
26_npp_1250.in;55;0.251;55;0.003
26_npp_1250.in;45;0.243;45;0.003
26_npp_1250.in;51;0.235;51;0.002
26_npp_1250.in;115;0.246;115;0.002
26_npp_1250.in;153;0.251;153;0.002
26_npp_1250.in;39;0.24;39;0.006
26_npp_1250.in;31;0.248;31;0.003
26_npp_1250.in;123;0.242;123;0.002
26_npp_1250.in;5;0.259;5;0.002
26_npp_1250.in;61;0.256;61;0.003
26_npp_1250.in;103;0.261;103;0.002
26_npp_1250.in;69;0.233;69;0.005
26_npp_1250.in;109;0.233;109;0.002
26_npp_1250.in;39;0.232;39;0.002
26_npp_1250.in;73;0.259;73;0.002
26_npp_1250.in;123;0.266;123;0.002
26_npp_1250.in;61;0.254;61;0.002
26_npp_1250.in;69;0.248;69;0.002
26_npp_1250.in;45;0.246;45;0.002
26_npp_1250.in;95;0.249;95;0.002
26_npp_1250.in;47;0.252;47;0.002
26_npp_1250.in;89;0.244;89;0.002
26_npp_1250.in;23;0.249;23;0.002
26_npp_1250.in;161;0.245;161;0.003
26_npp_1250.in;95;0.238;95;0.002
26_npp_1250.in;39;0.239;39;0.007
26_npp_1250.in;69;0.252;69;0.008
26_npp_1250.in;93;0.249;93;0.002
23_npp_1100.in;66;0.213;66;0.002
23_npp_1100.in;64;0.214;64;0.002
23_npp_1100.in;24;0.228;24;0.002
23_npp_1100.in;30;0.223;30;0.002
23_npp_1100.in;90;0.211;90;0.002
23_npp_1100.in;52;0.206;52;0.002
23_npp_1100.in;74;0.208;74;0.002
23_npp_1100.in;78;0.204;78;0.002
23_npp_1100.in;46;0.203;46;0.002
23_npp_1100.in;52;0.203;52;0.002
23_npp_1100.in;138;0.203;138;0.002
23_npp_1100.in;6;0.2;6;0.002
23_npp_1100.in;74;0.206;74;0.002
23_npp_1100.in;10;0.208;10;0.002
23_npp_1100.in;48;0.215;48;0.002
23_npp_1100.in;38;0.215;38;0.002
23_npp_1100.in;106;0.215;106;0.002
23_npp_1100.in;28;0.204;28;0.002
23_npp_1100.in;2;0.208;2;0.002
23_npp_1100.in;34;0.213;34;0.002
23_npp_1100.in;2;0.213;2;0.004
23_npp_1100.in;2;0.226;2;0.002
23_npp_1100.in;10;0.211;10;0.002
23_npp_1100.in;36;0.212;36;0.002
23_npp_1100.in;62;0.216;62;0.002
23_npp_1100.in;46;0.211;46;0.004
23_npp_1100.in;10;0.21;10;0.003
23_npp_1100.in;26;0.214;26;0.002
23_npp_1100.in;62;0.213;62;0.002
23_npp_1100.in;84;0.207;84;0.002
27_npp_1500.in;13;0.296;13;0.004
27_npp_1500.in;33;0.299;33;0.004
27_npp_1500.in;43;0.288;43;0.004
27_npp_1500.in;39;0.284;39;0.004
27_npp_1500.in;21;0.287;21;0.003
27_npp_1500.in;7;0.271;7;0.003
27_npp_1500.in;9;0.272;9;0.004
27_npp_1500.in;29;0.27;29;0.004
27_npp_1500.in;3;0.27;3;0.003
27_npp_1500.in;7;0.284;7;0.003
27_npp_1500.in;57;0.287;57;0.004
27_npp_1500.in;11;0.286;11;0.004
27_npp_1500.in;19;0.286;19;0.004
27_npp_1500.in;11;0.288;11;0.004
27_npp_1500.in;33;0.282;33;0.004
27_npp_1500.in;39;0.286;39;0.003
27_npp_1500.in;21;0.275;21;0.004
27_npp_1500.in;45;0.294;45;0.004
27_npp_1500.in;9;0.296;9;0.004
27_npp_1500.in;11;0.293;11;0.004
27_npp_1500.in;103;0.279;103;0.003
27_npp_1500.in;63;0.271;63;0.004
27_npp_1500.in;21;0.273;21;0.004
27_npp_1500.in;29;0.274;29;0.003
27_npp_1500.in;17;0.272;17;0.004
27_npp_1500.in;9;0.275;9;0.003
27_npp_1500.in;3;0.27;3;0.004
27_npp_1500.in;85;0.271;85;0.003
27_npp_1500.in;25;0.274;25;0.003
27_npp_1500.in;27;0.275;27;0.003
08_npp_50.in;4325;0.04;4325;0
08_npp_50.in;2329;0.042;2329;0
08_npp_50.in;501;0.041;501;0
08_npp_50.in;707;0.041;707;0
08_npp_50.in;1387;0.041;1387;0
08_npp_50.in;1385;0.042;1385;0
08_npp_50.in;365;0.042;365;0
08_npp_50.in;2207;0.042;2207;0
08_npp_50.in;1983;0.042;1983;0
08_npp_50.in;1091;0.041;1091;0
08_npp_50.in;1471;0.041;1471;0
08_npp_50.in;1677;0.041;1677;0
08_npp_50.in;1513;0.041;1513;0
08_npp_50.in;5557;0.041;5557;0
08_npp_50.in;2679;0.041;2679;0
08_npp_50.in;2355;0.041;2355;0
08_npp_50.in;1183;0.041;1183;0
08_npp_50.in;2297;0.041;2297;0
08_npp_50.in;3417;0.042;3417;0
08_npp_50.in;245;0.041;245;0
08_npp_50.in;1255;0.041;1255;0
08_npp_50.in;1829;0.041;1829;0
08_npp_50.in;1673;0.041;1673;0
08_npp_50.in;1627;0.04;1627;0
08_npp_50.in;1457;0.039;1457;0
08_npp_50.in;239;0.04;239;0
08_npp_50.in;1831;0.039;1831;0
08_npp_50.in;663;0.04;663;0
08_npp_50.in;1459;0.042;1459;0
08_npp_50.in;2499;0.04;2499;0
30_npp_2000.in;5;0.365;5;0.014
30_npp_2000.in;7;0.364;7;0.007
30_npp_2000.in;31;0.366;31;0.008
30_npp_2000.in;3;0.366;3;0.007
30_npp_2000.in;11;0.361;11;0.007
30_npp_2000.in;19;0.368;19;0.013
30_npp_2000.in;41;0.351;41;0.007
30_npp_2000.in;1;0.355;1;0.007
30_npp_2000.in;23;0.352;23;0.007
30_npp_2000.in;17;0.354;17;0.007
30_npp_2000.in;13;0.354;13;0.007
30_npp_2000.in;15;0.365;15;0.007
30_npp_2000.in;15;0.362;15;0.007
30_npp_2000.in;5;0.357;5;0.007
30_npp_2000.in;37;0.353;37;0.007
30_npp_2000.in;11;0.366;11;0.007
30_npp_2000.in;13;0.352;13;0.007
30_npp_2000.in;79;0.351;79;0.015
30_npp_2000.in;3;0.381;3;0.014
30_npp_2000.in;1;0.368;1;0.007
30_npp_2000.in;41;0.358;41;0.007
30_npp_2000.in;19;0.359;19;0.013
30_npp_2000.in;47;0.354;47;0.007
30_npp_2000.in;17;0.359;17;0.021
30_npp_2000.in;7;0.359;7;0.014
30_npp_2000.in;5;0.374;5;0.015
30_npp_2000.in;3;0.388;3;0.008
30_npp_2000.in;1;0.389;1;0.007
30_npp_2000.in;13;0.389;13;0.007
30_npp_2000.in;3;0.387;3;0.014
15_npp_500.in;20;0.126;20;0
15_npp_500.in;226;0.124;226;0
15_npp_500.in;98;0.113;98;0
15_npp_500.in;46;0.122;46;0
15_npp_500.in;162;0.112;162;0
15_npp_500.in;66;0.117;66;0
15_npp_500.in;28;0.114;28;0
15_npp_500.in;212;0.124;212;0
15_npp_500.in;24;0.127;24;0.001
15_npp_500.in;64;0.12;64;0
15_npp_500.in;44;0.122;44;0
15_npp_500.in;62;0.12;62;0
15_npp_500.in;98;0.118;98;0
15_npp_500.in;18;0.115;18;0
15_npp_500.in;38;0.113;38;0
15_npp_500.in;6;0.117;6;0
15_npp_500.in;2;0.12;2;0
15_npp_500.in;22;0.117;22;0
15_npp_500.in;64;0.115;64;0
15_npp_500.in;20;0.119;20;0
15_npp_500.in;38;0.113;38;0.001
15_npp_500.in;24;0.123;24;0
15_npp_500.in;0;0.124;0;0
15_npp_500.in;10;0.122;10;0.001
15_npp_500.in;38;0.12;38;0
15_npp_500.in;16;0.123;16;0
15_npp_500.in;306;0.123;306;0
15_npp_500.in;42;0.123;42;0
15_npp_500.in;30;0.12;30;0
15_npp_500.in;172;0.119;172;0
